osmo1000ya26q2cmh399q4c5aaacd9lmmdqp9zef0gj, 335795046
osmo1024uzh99xharpytf2qhwvl6aqt2pzc3keq55m4, 222246
osmo102ugtdyvlza9mza5ygdrtq8ly97p03vs9n920s, 737774933
osmo102xhvvh5hljtlv0fwdsxk60yj0hwre4s3lqyw9, 54492
osmo104algnpncvwvsrm24ds2v2uk34gepg07qj3jkn, 22662615
osmo104c9705qhahdvs3qumhlmk2esf6jgh8q9sgl5y, 5828542
osmo104la2yl7wplyg08kwvh6vxrrky07ju7ma608gj, 4123881
osmo105l5r3rjtynn7lg362r2m9hkpfvmgmjtkglsn9, 524136799
osmo105pemhfdgc3ljjmjy84jdw56qsp8hj8myvkju3, 399738
osmo105sy805a7qwtyrkk9t48qfjpdcg4qjmv5s4mj5, 558197
osmo1068jfs4mhwwtscyxzcgcgugs2qqfm453frr7ys, 302368233
osmo106cpydtflfufkepf75e7tchzvlwf3xp4m42kc6, 10349588
osmo106mqnmypwadwrwn9armp04xdguep5ktjhyyscl, 3643539409
osmo106n6ygtvtfv0ejfcnv0nuc95zyhlj4ttytve0a, 162230
osmo106x8q2nv7xsg7qrec2zgdf3vvq0t3gn49zvaha, 89685926
osmo1070h5whjne6yatsmllta245a7w4wvx2x444rj6, 3438462
osmo107tn5s5nsznzvczjf76qhsq2fwwe6j9zjlrljp, 199182443
osmo107vjqq2g0ksant3ga08s6am7j9pk7vwqhj0vr0, 3585417
osmo1083svrca4t350mphfv9x45wq9asrs60cq5yv9n, 2290582
osmo108ll2lhc4wp7grcqayccsk6j6llq4z6t2gfga6, 612946
osmo108syepla3s5dlnfmw6f85jl24xf99cqu5ucuzn, 17532302
osmo108zph0868xxwvvm2rp7cfshkylxdhatp3sy4gj, 107075224
osmo109e65s9ftzld2rhy7h7s03ddp4hr5pem9dans9, 629879
osmo109u86dvw52ntm8pl4a97xjj7ffs3wspkm93hmk, 193927434
osmo10ahh3k4czgrd6mdr6ak99srff4nkjepxyaydfu, 4880347
osmo10dm0ymnpae2dtgys22s5uma6n9c30qmasxtp6f, 8102337
osmo10e76vpqgr5m3e9ryv78z9m4xpqgrs3ehf8qy04, 186895545
osmo10e8zyhyyq82vyyktk8jnj368euqlhgqxn57742, 2459027
osmo10fdvkczl76m040smd33lh9xn9j0cf26kguqpzq, 755903499
osmo10fhdy8zhepstpwsr9l4a8yxuyggqmpqx4ktheq, 6442514
osmo10fl6ymz9yxd3srrd45uru48ckxkpchw2s6xwhd, 70831689
osmo10g43cun9k2nev5uh3pawt843zj2z86zlaqwxcf, 55754297
osmo10h0z2smz6s4yp7cqnk5zxqf4xy37etc69388dn, 1275218685
osmo10hx9ts3ana3a7sdrxc2c5jmgcanupyvy8rxwaj, 30226568
osmo10j4ycg02f3z04gp8qynwx3pvr3sje48n2vwnf0, 49884487
osmo10j9a6a65alsu0c9h83l6l39kllkq84mzdxe8f4, 76635981
osmo10jy3m6dxkh609k28y3nsave8r3z2nwzhdrxrcq, 6942507
osmo10kynfh86uw9chgdkv99ntj8sgjcng5jvcjfkqu, 33516222
osmo10l56qdud5g6qt3pzywy65urm9cle0mx7pm8hlw, 47112095
osmo10mkczsrf8snhdhazkf7lav2hjdctyupvm8whys, 18834874
osmo10mutswqjh463y9g2nyl7pey06u2rgnjap3fcfj, 20577332
osmo10pcm2235pd4qfc0lyv5kr997e2gyd5nv3jjc6l, 451922
osmo10rdut36lnhsrudd3t4zqqgpvrmxam4leprsszg, 37435888
osmo10rgklxvl892p07754t4yv573y9nrw3q03dx2qe, 15756147
osmo10tm5wcdkvvzyhmjd44aeg4r7zlfpwyufe0dqk0, 1186540295
osmo10ty0fap7l0lk3rfnpudhekhdvtefhnug3wtfcy, 23041505
osmo10ua2etcjmez5sjdfpu2zf6gz4mrudz0eczakk5, 3218341
osmo10vtw8cc7gfu662ckajmgldwf3es37fqlxvcaat, 1815057
osmo10wrjthp576ymgwycrp37cuf0v0y8yf5papk5td, 873046
osmo10wwqh5atdkdntfzefzpsa53x9f5vt2p8fvww8m, 21401139
osmo10x53ljf7kpvdksr3xeg45c4s7925dyjj835my3, 13850941
osmo10x8v92f3sp64n8mjtj77rkxg38fgaqf7r2ssu6, 36290870
osmo10xjmyvkaz4v7n8mu498n54hvrkgzuyeapvcnaj, 1795435457
osmo10xrqt2z5swutrq0qfl7qysug5yf7xwryfdlj53, 37499836
osmo10ylwrajltnwt6dvrtuxfs0j66e38lgx5kju4p9, 20128426
osmo10z0qwa9j0dsfrdtudwhhef3mkxw0z0xypaxed0, 371045
osmo10z4k4hm3v2xk7wcfjamkc6s4n323rsezh0kgxy, 393574162
osmo10zhjwdmn0c6v0kn80t5l0v2dnxak6m5jkhavxr, 677645
osmo10zt8j3l2p9dy24kdn8ctlupz9c0l0gtwnuhrg7, 53913405
osmo120qt882nqswmtg77e2ntnv53thllftpxkmcw9u, 166661232
osmo122taa46qrdv22ryk6v9wvs285y24q9z2vk69q8, 744262
osmo124esrkjggn9tj7r98s85px3d6u3yq3dttlwxtw, 79345466
osmo124sajx7h2z22wx4ux6g6jfa7wgsqxz80ah69jz, 3175385
osmo124ysmvvr8rprzhq8ksec5mjnkf56hujg05dlh8, 52556753
osmo1263ul2vpxktdkzhh3ee64wgmnnt2txj77cvstn, 95877625
osmo12736ed7frh0uxwv2tm29qz8v30fe03kqkc4pkc, 288590896
osmo129edet2g4ysexnfe3w9m7axva7dr48nr7fsthp, 42435687
osmo129ekzf5pmmtf2ktkutzpkxch0pedkvq24hzyxa, 205210189
osmo129u9geqpntha0jwal2jrtmazxv98gmaj5quspw, 1054261
osmo12az976k62c4qlsfy0tz2ujtw73vvhpqnr42ryt, 4684438455
osmo12c9hd4fhgefqlstrmxz74mvdwhm49hfprm30gk, 2218600
osmo12cmsq27zhgta0dsjazfvrtcrtj4cr9eszqdaxf, 639269
osmo12dgvvmy8rv2xvudwa2pzygd2mdzjm9jx7r8syf, 1444977594
osmo12ealu07v9647r2gjv2u93hk2h2vvcwj9xvd7ly, 47695546
osmo12eedqrmxxsx4s26yzeqs36se5dwwg2tck0lt8x, 78701387
osmo12ehd5mgltftm6px4fljh8d7wmf30rfraprw06y, 3455730
osmo12ey0rr0tfat37agty9lj7z89tu9tguu2ru42dw, 2471414
osmo12fl7863nlusq5t43ft5mcnaf9tvwwk32rynh6t, 1248449
osmo12fra6n82rttq79fsn78u3varsun3t6a6avmecq, 168497
osmo12fsu5rfdw6qlx3qsrnnrgskmrqzx473grq2mgf, 562770
osmo12g2v4a7ej468c023x9f98zl9knddtwq0t78ve2, 180457993
osmo12gskjsuv84g4ulxfffzqlw8s342tuf05e8p64d, 1731406
osmo12hnhnxtej4qqq9072lc2rxva405wpgsr7td20s, 14752638
osmo12j7rg02evw2nuzsq2llh8acvnwd3eltka3vga8, 11915335
osmo12kc4naxs5anh40tyjphkn2g8ypvvfzvtwh9g0p, 3981118
osmo12kgf84p8h3gzxwa4dhxsp9q48waymzkrrnnrjx, 1008708
osmo12pe3m9e4e9vv7vg3nz55t532369gkyfzke74jc, 2616485
osmo12pek06px76y2mr2fp7ew4wz8asxv3rpwgvdjww, 22125578
osmo12pnn4zl8cqwd3gedv8ydeq5x5x2pl5uj9gg6hy, 27773261
osmo12q0tutrmj3y890l9cufnw244kywcwyvukh4r84, 58176888
osmo12q3359j6shmfmfnf4g6dke48qxlgk0zhf53p3t, 7831051
osmo12s6w3qr6l5mslvv5m4shhqwg2a9e0tkhfh966h, 17311804
osmo12scnajjddcrkskht7mj7qplzxh7zkzfwey0qdd, 3470851
osmo12sczd7vmheqat355txqducgm6fk86ye4eel33f, 4262371652
osmo12sm9vfj4m95nr0974kjhjlfx4eyum37h925mez, 72423393
osmo12tm47mx4uuzp7sajrt3wnu7e32drdpy8xskgku, 8448036
osmo12u7pmk4cfhw6fk35mkx0ql9m3xkmc8y73rr5r8, 163029
osmo12uk22nzee0hgahzttujcdce78ax627as04tcas, 21188847
osmo12usue8q9w5mmvuteh0k40h0zzutlm9k0c36am2, 192379874
osmo12uuweyuphf6mlajazkpxke2hxwdfew2wgxz2ws, 2457725
osmo12uv6a2n9a6vsvweexu5he7779am9laqjlkk7x3, 458468
osmo12v3a0nz97pm3sa7me8lpxs7lazsyjzl5553z4a, 87042774
osmo12wn2hrsr56ej5fzyk9sfcwpulhyclrzggthz8c, 5791389
osmo12wyh5wdaq7ej0tz5v8nkkgauz8cvlcdf88tp6x, 39289613
osmo12z2988anxfkyrn9jtd942xgjlxqk6t8m5cxage, 1113734
osmo132addhjsmsvzycnu4u7ue696xs9s2djlyymd5h, 99529774
osmo133yra9fxttjsu22vcjgdfx2vvsve9q4g3369cx, 15174128
osmo134c3cg4m9mhak7d4q936etvmm6w8wsp2yre9w5, 26763520
osmo134sne96llys4rzxt0jayv0a4wleqk9myh8787e, 3669179
osmo135z2g02fhhu9mcmd9d00fuv4nuzdxf7quk79rv, 12171316
osmo138zjp8a9t8tfyv5laqjdnql7shrhdl5fsv9s3a, 63249501
osmo13944048lk3j8kz9q040nus2awvlfwmrvqeaynm, 55810272
osmo13959x7zm49jaeyrfeltjkwz8adu8p0r08sx627, 80479940
osmo139d8eudtzyh9e8nr8kqqexhjjzy77em6c0lcrv, 51376372
osmo139ue9atqqel97rmlymsr6jap3ymthlzjlquguh, 612946
osmo13acu2gmykq658hht7x7hafhrcjlpkcrynse5uq, 34371808
osmo13atsv376ycnn4d8zpzn79j5fzteglrgzm3k798, 4301992
osmo13cahjd44t8qhxp8f26wx9rgxu7kyzv4ph3x5g5, 16622803
osmo13d8mclqut9ehdv4lj2c247t43tnpv33hjsutqf, 18641830
osmo13ep88gq05nmde8w85xxf2zm5cy4leggqqysq5u, 163421
osmo13gjhk3pmmusvdrsgqwdc74fcafdmvex0h47y3q, 1091795331
osmo13gu6uzke76x2jwvna9fglyhl5jacprygakqdav, 23852989
osmo13gvqalusnmapjgp3e6gnk9q832qv3g3ujfhmts, 33618632
osmo13h4vazvsjkm0jzh7jtpf36f6kssg9mrhanwtam, 1078303522
osmo13hgplqnsp0hwlx9cesjmweadqetas57l0w2zy6, 90313302
osmo13j02j3t87jx9xgrsrv5aa8fy95atu3q6z33tv0, 447233
osmo13k6qfw70078hzfwmnxucaz22tvfst526z9tqwp, 66940582
osmo13kje8255tw2y3ac3sj79kxdjwama7y5alskaya, 553840
osmo13krrwf8k9kewla2v9lahdwxx7h5ye0zm4nd3wc, 166186
osmo13l5pwylwg9w8jh4a4gr50nt359u4ylkcuzndpy, 43716641
osmo13lmh7zyl4rtvvxyx9tszwfv4efsmfz7ar22j7j, 98541083
osmo13mdcl758ve9lyh6vwz7m9707356snth4arh8dy, 1039920
osmo13ql5gnxtayvzzy9unyjkx3yy6lg693x9g4nyh8, 632623
osmo13qmz4tnvqjuyfegnle35farscnz4f0avx3gr78, 9731681
osmo13qw8yljr9pc3u3w29ks5l232rph4jtmtsw7qjn, 96754
osmo13s2cpk43dhz4n8g6qtlqtsre87wqjljuyyc640, 27592443
osmo13stez4ztgfyfhe5gkzkrn5vdp0pukm2r9jg6ag, 27880461
osmo13stj4dcva0efyew5a9dk2ehp0zqwyv2jnc6zpd, 1775111
osmo13t0vcrdlj3vju5pqgwzlyr7lcw9s96ka7ygcwm, 341057815
osmo13tk45jkxgf7w0nxquup3suwaz2tx483xrsefl7, 5488459
osmo13vjelnfgancgdlhsx7605rx7yessjaplkk3s5j, 104956334
osmo13vwsv7hgnqxnanpa26vs5pafhfsvay6jk50unm, 531892094
osmo13x9ckwpcpxjkswuuwdtde9een9jw9kdp82yszh, 1587133
osmo13xqsur77l8vf5cytj0hatmle6mnmrqf8uzp3kj, 50720797
osmo13xvnl37tlwlfrw7r3wqvj86r22wvwwvhjjc0jm, 384964
osmo13ye7y05y574a48appe9av29duwywkfz5arjxgg, 59179
osmo140478rafvztvv8te38r9yv55aph34du5mfgqpc, 707328
osmo140mtc9tsl84l5udw6j6vn672nev95w69ae7jhl, 9797175
osmo140nkcxuxz35xf64mtw3kqlcecvdp9lj5nq8x7e, 69286695
osmo142t7mzhvxd9aa29g8r9hqx6j2c8v7q3zhqjda2, 13667829
osmo142vtwu440zchsws4llnq5rknmslvw2fx4qz5y3, 4391150
osmo143zjplvxtuy53el280m9z2qzzqdxtj7wu5yumk, 288807190
osmo144t874ylvqte30h4fx7nj7hu2cg9x9yrrn5pp3, 64898925
osmo145whfm259nvdu6kq85ew26s4u0lxw3q43s3v7p, 1444425
osmo147cq9ae52gmzn9x7vzly7a69hr2hwx06qz44um, 2798838
osmo147l9kpdsc2qmsyfjn0pkkx304qam5f489k9qcq, 72864639
osmo1488m8k9mawncs0eyd9zae376yyl8vahlk2xfpf, 22595732
osmo149yuktcwykejj74xrgwsf8848h9n5ye39edjc9, 64735
osmo14a0y5zc2enr6n54nt5a9g7ex27z2njlhn6ulg4, 9412770
osmo14a58crcwrxf0ka2wgkytevaxj695t0tpz8uk6v, 62473767
osmo14a5dthj4vdelhgqdh84jvsphnmc0eymlp78znw, 1766907
osmo14ajy385t6j8cpge8sdw47w075h6dy9lhzdjle7, 19649150
osmo14aw84c77lgplw04j4nk33u6xpz4lmvnkyahwpr, 575473
osmo14cmqu4yvwg6phheusfd2gpggdx5822032yugvm, 29533777
osmo14d4mek8tj5uef7gxpg6lp3ur6f5j3ka83ta4c2, 17651039
osmo14dsa5m0c4yjn0xy5ry8yhulstsqmky6tefm6s2, 1629184
osmo14dyagct9svcxwzaayushffhgtn297ku22k8py5, 27576098
osmo14edy0mskwzyen3g6p3w8tanzjm8e06kx96txr8, 359139800
osmo14eg95srd7cc9ykcru8rv6knnsqprgw674x2sfz, 220074
osmo14fqtpynvp6vcn4hwu5k6fw3rtxzp5yd5u4e473, 294606450
osmo14g3lkhp88wzlnu586qlj4przpahqur23khv0vr, 4881231777
osmo14g9djmq5kqh824h4vr5x7e0q4qc4eh97drmq5t, 1137709900
osmo14jcvdnh3vy272sy8zhkh4j349f2hegh9l4tn4u, 20123495
osmo14jmr0axxrudzl56vufpv8tzuv3dutut9w4etnc, 17026445
osmo14kn0kk33szpwus9nh8n87fjel8djx0y0nqr7pn, 83894339
osmo14l60sy00k3m3c6fcpanf5hlkk9mck4k7s5rdck, 474227842
osmo14n5tztt584umq3rhrn67dl8x3u2vr3jxz494pn, 4291302
osmo14nzyt8wmx4g6zkeluelukamgsh5v4xgnnzn4j8, 20529228
osmo14pwe87zgx7geymn3kdj5hgr3mnw8yf8d8n80vs, 2634051
osmo14q7ntvc4zvyavde8tlesspndfd3r83h2rg4ul9, 11381
osmo14q809c4fhnvqktpeef4nz8lk7hgsqxwj2u5x0k, 88982524
osmo14qw457h2qnnf3fjj6ufyrmm2an74w2xg4nssg2, 2380415
osmo14rcn5s80v2fthgzw0pkvkwgke4ss8ew8xw0wml, 182341940
osmo14tawjg3zn76rfjyjmvadc8wxd3mk7nk42qgt56, 27984767
osmo14tcxx9z6gtdslajzz5qjlxu3vl3v23djvyfm79, 125099
osmo14uugdfp69pde0hzr50tjgw35s6j2pyffkvawde, 2447904
osmo14v2qmuz7xd6wngfs7zshu8d2tcpj02eq0vvylv, 86680467
osmo14wanzn5twwugy22xxg83eh07zyw44fgt49qsj4, 57871193
osmo14wed03u8lz0tphfcrn2rgz46hmcxgwdjw7uk0a, 518304
osmo14x8f347h4jvl9574fzl4v7z8etys4jsjhctawn, 1030884
osmo14xv7sr4myjyjdlrmeuq6h80qyd8ueje8fqtdzu, 7068729
osmo14y420auq56p6xgt78sl8vwz3jxy77r9cqfpzjq, 27183606
osmo14yqr2q5u4sehadtfxx4rh4rjxzfht6ecvmv0s4, 93721359
osmo14yu02qh35pqln6j0tdlzw43c275nhpvt6dy093, 31340154
osmo14zxj423axgtcleawtsmtud5s04jt97psk7h0pr, 528983804
osmo15039yuydx40yx97k7hvels4x2pcdaz3swhtpl9, 2643119
osmo1509pyftumsatauh4aqk7xlt2kckmrfya9mwe48, 5989506
osmo150j9auccvjdsquttx0qhawvux2m67fcxxwk8jh, 75808172
osmo1529qmte5sm39x5d9sr3l9g28zytr5ysl9yxw0d, 140842
osmo1542ethfxdynf0r9d4yuc3vee0gdyrqe0z4qp26, 10294954
osmo154eptac3vdayfu70se7qulkkw0qsek2fj9wt9c, 10902745
osmo154vkh66rry96ntz6506mknys3hypcu4gzwcnuv, 122899
osmo15628n3l2a8f89s5vr5q3zxy97x3as77wmt4zez, 56622535
osmo156724whmwqua9dxwy57dvdw2a3lh3g8y3yp84h, 21913102
osmo156kuw4y732m923cm7ufq598kkz8tpagyexzjud, 2927274
osmo1570zgpm0dx8965pk9rrmjv2tllfxmnrd45px2y, 337203032
osmo1574j8k822dm3l7u6sda0srkk2px0mffqt3gy0x, 2156191
osmo158demsmucqfjazcxkmflh756t3d79xz3zjm4p2, 2776278
osmo158gffeys5xh8ytf3f7x57yuaajzhm6faxzhz6q, 233610
osmo15ac4yml09dflm8kyvy3fd67fq75uz8aw3p8500, 74056868
osmo15akxql9c4rsgs4r7humatnuxzfxvu5h9zk0cjy, 4196442
osmo15ckeufu2fflrjw46auglgf8vzplj0ermcxa6fu, 4737355
osmo15cy9sm0pa93xn7lqwkm5lzx6yqn35ecleytdy0, 11532982
osmo15czt5nhlnvayqq37xun9s9yus0d6y26dw9xnzn, 2875949
osmo15e47t2utfx4ryweyxdpj6xlp4dtcvkx4sehnfa, 25237878
osmo15e5ger90pueflh5g7kl7sfrfnfvst6rzrj6mn4, 14690076
osmo15eeys43gsk8m4ayu9p568253le5zy4ehhr0ymm, 56036875
osmo15ezh8zy69gv8x0pyzjvzyhtgeu85r97agjmtlw, 65863113
osmo15f6nvuqsun8ky9tz57dhphleta68hu3pvq5hks, 98933926
osmo15gd5haue6wpfnfwhxxg9gs6kkg6yes3kfuangr, 497747
osmo15gtdydktwq0pr8j8fa3nrf4z8639952nyzl96x, 26780259
osmo15h5p65h89vz2vun444zd78kwtp093f7m4dw266, 796486
osmo15hg8qqcn0tpgfntmegv2mwpl0k9lpt3zmkhjt2, 137567
osmo15lkch3y0mzd6x2s96h6u4lulyvzvfu8ew3e8m6, 594869
osmo15lmugaqt0vhv87r0da2kscvdlej74e6d8t52jz, 312656718
osmo15lmuvzl0t86wa46y3d7acp3ws74tkzjj3tutv4, 56873930
osmo15m0ecmh7mplgqjlwmdxqyd56482zd47lkmc3uk, 1019533
osmo15n26p07epk5278d2qnfg9x4l5w2ma9wgt3qp2s, 216434633
osmo15nn5sjx44khe0vh7qfrc7p3geslvphv76nntal, 1302328
osmo15pghxjl2t42m225pthqwp0qncncefzhw9r89ck, 14226705
osmo15pkp3vqzc7fg2jjuvrzcs3e3slsu5nz5yx9amw, 13749011
osmo15qvcw9zurnm9lf9gultqva80sfwr0ca8qf9z49, 106986536
osmo15rsh2fg4pkhn9f79yq4xxwh3njdnd9z5hzmtxe, 1389285
osmo15sa68u0qacp2vatslvayj49grl3kwtzwzqy972, 44394873
osmo15smld4cwzcq8zutcu4uj6rhupvfxk2mdce4kh5, 848756
osmo15sndhqjegzpc32xyw9le0vv0d6n8r0jyce8guq, 463219
osmo15suvy96r7uv4ewgy08jma5j7qqqfxjegt8z73p, 4768632
osmo15uh8lqwv6ty6jafkc9jnmp7ewjfzc3uuuudqpw, 9456291
osmo15vrulyt0gw8h55su80dkfscus5lcjp32p57jv4, 22079730
osmo15w48fcnndw0ygz6due737udnkc9cfefffk62z5, 523277117
osmo15xztthwvx30p9s2ucl8zz3ys8uadlutawh836f, 744262
osmo1603mnk65ny0a6m3fs59s0qmpupm9g93vssrd28, 79394123
osmo160hk7drrw9tqhs2550m7zzxv3r7kks0md3df64, 3789917
osmo16336nwqm9qdq0h9hnsaldm6eqn746tm0jpyp78, 9374262
osmo1634lrxjrjcqwdxw6x9at63meylrcsnvttsf0e8, 28736685
osmo163h8dq04rytvvvem7u7gh53rt00gaajlqngz7n, 3345825
osmo164fm6rnv4zsj7x3ef6xkt8um856g6q32smpmya, 6143904
osmo165h0cw37k9lv4y6c5z25qfus00a76nra6mux9d, 22370277
osmo165htj8zsdlrhjp554f55k0a5ldmuyslsmh52hg, 58444781
osmo166rntwn043sj8xpkdwvrk6grts7e55k5uwvquv, 24403573
osmo1675luqzzd4l4vy3n3hrwlsw587855fp5dz56h5, 74426
osmo16862syzdtc6h0sxz92jhnjjas5yhhjgz8v7dxc, 81868
osmo168uj9ydean794w4qqp5kq84v67sjl66gd92s63, 5376043
osmo16a24tysqtre4234lafk75ptawyr4yqwp33z895, 497586
osmo16cmu5jru4znwf9fkyux5mr9ry003wpsdfdsdn7, 1166757
osmo16cz88vx5tvlngvc6htl8hcg0ppgy45d8p00szj, 146006
osmo16eh8fp3y8z2w0ftx9srkatavcte5rynw9cw9xn, 2719382
osmo16facdx50eramsgdkd2h8eywjqyllmp6qc9dj8a, 189731817
osmo16ff95ps68m9zr6gngs3rt442jr6079dyaexp9c, 133420857
osmo16fmyew2a7nym739wfke3985red9wwsd64489gt, 169490644
osmo16g2vgj46qvcupamw20kgpj7acpglmc30jneutl, 14009725
osmo16gej2f6k6k8txn37kcypn68rs2frlcd7axfeml, 22776289
osmo16gm3cvhluf9xfurkx9qgxq7pldvd479l49jpvh, 11295690
osmo16grx8tj802z35zzechc5rhvzzcdu3hvkwc6akr, 50626734
osmo16h026jnvjftww9kv0p3t6hzvgcsck606l6qr6a, 10649914
osmo16h0jgc2p4cesym94ppmwt2h6r7sjac2rcw4fjx, 300659911
osmo16hrh676akf59zplntj080gy0jq4ru7qz7em2mm, 134217259
osmo16hvfd54uj3ygqnymxa63c20s6t4pq8svcjxezk, 7145505
osmo16hwuw29y6ttw20wek7gsag7pfqwcapvn9feymy, 1385376
osmo16k96em8nk5usnxw38n94skklx2j9rr2wluwzvt, 20964264
osmo16kcdjt4rvskyeuadt6hp850v529wtd9ucdxmum, 29794761
osmo16lp20w4j8qu3nvw2q0h0vrwa7dlur2appp2exc, 294909847
osmo16ns8z4fq0sax2j5g833ktc9j977ehlv2hxj3l3, 509289
osmo16pcn2nfv8j47g20eg978v24s3vj5uqeqctxl2u, 21767216
osmo16qxqm7vr3p7l3jxk0qqrxn4mu8z9vysz9ud7xr, 227527970
osmo16qzy98c0kaenaduxrgkhvlrwv0uglv6ds4nm2m, 69229581
osmo16r39ghhwqjcwxa8q3yswlz8jhzldygy66vlm82, 2946494063
osmo16r8masj94zav9fhwg00z9vkx2rpvd9d4nzd9hx, 871826
osmo16s3xxaft7ejax8c3lwmm4wru3hxcn0a58c4wuz, 3650010
osmo16sp25c8jvcs54atlkvmmaum05yu7r6l6mlyr2g, 10471500
osmo16sw3enjmxnfwuz46tfz9zfu8vh4kjay59et3mz, 31430682
osmo16tge87z22tajs0pevp4l4c2k8p3dvvp6zg33m6, 1801983
osmo16tgrhskj0lqealaxe7yd6kq6qpfyznscsmngyd, 34070255
osmo16tujf35rsy69qhhy2qng3j3rsq707jzn5snemh, 901140393
osmo16u8kr2lg33entn8fy0ln8e96vsjva7fkl54u94, 7683084
osmo16um4rgfg3aqassjg6cmkuw90hgvshrwmzev7hj, 439605
osmo16v92zr2k7yyjqklc55nyek249s0medqjezm3qr, 59643484
osmo16w2k4w6awlk9mygreluu0r6zfrwutrdr5a4rdq, 1169638
osmo16w6g0whmw703t8h2m9qmq2fd9dwaw6fjce3zxu, 10286477
osmo16wc48y98vhnlse5e2sdmcvnehp3uj7m4twcwr4, 18499671
osmo16wwvq2jpezc43qzym8yd9p2s8yz5h9k8xm7y7a, 948875
osmo16x03wcp37kx5e8ehckjxvwcgk9j0cqnhm8m3yy, 127486170
osmo16xdwunvp30rrd2g9997j27lh6kmdgap7c67kla, 496893258
osmo16zfeaqt8sjfrz027p5ysdjag44gtchuswg4fjs, 914441341
osmo172jlk05vshlyv2le50rmzep8su7txzt85flz6m, 110971088
osmo174cxvu3v40jycyk3cr4mt8xk5zct9aflvdafra, 18520329
osmo1760d9jkledghjckd65gemglkv8cpq732ekf73t, 1354558
osmo176wylemccg9u2qw060rfgwnvp8sm6fxe3qw2qw, 18850975178
osmo1776lvgh0j6uqu5pzzzldr8cucf9cy2yk4u7zav, 51123355
osmo177p74ne5phsg0wavrqahzjhqq5jtl68p5nlvwm, 153098
osmo178x700y84jjag4y6zpuz7nejtzfvyu4q9ccaem, 9632761
osmo179g3letju90228hmsvzz00y9avewm549378tgu, 191161251
osmo17ahakhq5zjef8patujfl463v5xyc2mru479e0l, 113654017
osmo17apt05d78qh6759neewumdtdmhdyl7aru4x702, 15638055
osmo17c0u77yaqjtgkz2gn26gf3n6p3mdmyne786m2e, 290609991
osmo17dsc5tlt9z2snqafzzv43cxxzu4j4zcu0mfgsy, 1190981
osmo17exchtwv8fr99tzktzlq8635ae7ke4zr6pwzjy, 2648273
osmo17fnnjn90gawufm4ah4agk5wwdqk4nm9x3wjfhn, 112550605
osmo17fzx4rvw04586s8f2c2vv53pe3yypu0cx4y3tw, 18384263
osmo17g9p6qwjac45x7sv26n0zxj3lykwpjltvaaswd, 1168917
osmo17gp0nvgxhcxckuxal9pn8qaewvscpv6w6dcvra, 12473414
osmo17k8xnrdwa57dh03hp4jz2dul97taguekmkdl5a, 19209104
osmo17kav8azytka7486y92e6tewk2sh6r8erj7yl9l, 306737
osmo17lyl2uvzgs2dcqfhf0lqta7gnpl48y4alk73lz, 6690215
osmo17mggn4znyeyg25wd7498qxl7r2jhgue8368hzp, 1075219380
osmo17mgzrkzjh7narxcqnrxjrj07fs9hs8fq3ruda0, 4394462
osmo17mrgrpdyt2e5a35zr3ej0474s2j8824csawts7, 31278305
osmo17n29htts9z3wd0ydtq0uwsxtpw0hs0c5humkpc, 6286278
osmo17ncgp84x5vmphdlaaktzp7hljh3mhysqw9up3u, 3176205088
osmo17p3q697w8qraarjzv6c50wgxmvslm5mzsc7584, 72993871
osmo17pt3c6psv5e3emhw2exj0crj0qnqvgqxn8u983, 9919477
osmo17q5weyq0vxlpaxfs254yyewv4j9l8s0ydqkanz, 11312399
osmo17qrfgsyepv3mk2f29jkvf0y7q0fnyx7d3erjfp, 13375254
osmo17rx4caclnlkqwlkq4hq3aq0cvj993pnfqjcz39, 17152991
osmo17ry7yg9d55sjrtdh04xe7p723p9ckl2y86u28v, 4452323
osmo17s4j4khqgeax358n3pvfexyech9zkec3lfmk2v, 498324
osmo17sw5nvqvut9yc2y2hy9nas0ff8euxdapnsr5tl, 386069173
osmo17uld3yhlryf7v8zzl0v6eekaf87zvngu54jsxs, 28545547
osmo17vfqhrenkllzprnlngf98hsmpp3vp858mfvgkg, 431101
osmo17vz8hvg96lddwawdfygvu89ua4v7qgd6p3m9ry, 690055132
osmo17wkcra8v2n9h6tgtgljw0y3z8htyg9qgtdecmu, 12644572
osmo17wl2px6rxngjuuqd0va6fl8h7gjq6r6ucktqqy, 49099633
osmo17wp3a5mhrjpc05t3umvjrkhxd9eagx45knqv2l, 31320011
osmo17x2ry75hddumjswr2gr7hwfle7hdtnedq8nj5w, 126364106
osmo17xeehqdkeg3h63xjy4k9a7gsx4n9zv27uy7zeh, 1159938
osmo17z8jtqskn6xnyqmhhk2sw62qm3az009x6lr425, 40225337
osmo17zn7ju55x8rc236vt4dasw0p7lcgang4nth08r, 9687191
osmo17zp8dxwj40kw0998gv6x4z669cl8dsj3u5g2dy, 1953554165
osmo180c39urf2eekhssxxq2pn44smx7zw2r2sskq2c, 15814318
osmo182pxdtmc7uz6dxwqhvxqrrygyj3v08lvqck9l8, 672914
osmo182xlpqjrrcw9nxd8g2chzzwygx3zuk8mg6ntw3, 66516944
osmo183cmyc8jkxcfu6nlv96pgx8kpznvdwyge0s47l, 13670428473
osmo184pp6fhwfcwgrrc57cmmw73ktz80hk4ge4s7wc, 12959256
osmo185uz5fmgkfj65rncnwak76j6075zvgrqudxm7s, 9346277
osmo186sj2kq43zzeyn85pngf8rqdjqt647yghpcx7w, 42401656
osmo186w8s4yksf7ujq5696r3r0ae2x0lvkxsnq2d7z, 613228
osmo1876l4y23yfqu6ccc9lwr0wms7kt2l06a75zxxk, 49656712
osmo1882k0v9pqcalxhq66e2pdct9kqkd42fhuq4cy2, 2771406
osmo18879xscuwzv9cajaqusz8fy30umqc7fv3tghep, 938103
osmo189psxs56n9xjlxrfn2cjv70dx0x64rgv9t44qm, 4051287
osmo18a5wwnd93gpwelf5emtews80y3q8gs8djx6sqj, 8954742
osmo18aav27875wy0zlr34vt88nnwlr2prx09ug7lf3, 10610599
osmo18ad7yknwncelc0tcelhzhfl9gpuf54zqqmp7zw, 22092738
osmo18apr03lqraz44ja4ljj4chmffd00d5qggwsfsa, 5696906
osmo18c0grhdx96lw2u5t9qchl390n5weu9zndfx8md, 26110503
osmo18etwx78wywl6k8e8z76de5sn50nzhuq8xudwv4, 41321757
osmo18f22qngc7s0xmzd2mal8gctafznqx6xscsejd0, 1049410
osmo18gaw003c9hx49sdtxavxqmmmmzefhml8dayysx, 2623737
osmo18gcpqqg8thgvhs5tcnsfh853z25lf6dlxk6v73, 65473605
osmo18gmgltfd4ww37naxuy4ecvkswc6dt36dj2yzy6, 14763969
osmo18h7hjdzpu7v0rkvlhdcgx83m3z4hc2876e83tu, 6787632
osmo18h8hshvyllxkydsncggramlp27vv7pa3gc0kh8, 69086230
osmo18hjqgt5pk2umrr2l7xczzmjkw9d70hsa5ht2p7, 4200695
osmo18hs7kq0jcvhxt2dljyjzdh9usq8m50gxxvpfys, 16186125
osmo18hvxeurh47qudv5qmrg88tewrs53razk2nfn60, 247937
osmo18jyeswjvlvq445wq8hyjxptlgjz4mkpfrzhzsp, 17927271
osmo18lau6n0f8jzz6cr9k2mcm4lyylkwwunwgmp7ef, 50297843
osmo18m567g3ajj9cvqsdmlw4zg0rz7t37sg05k30eu, 344054
osmo18n3vlcthxv5s2s4zgjdrjr5a6lw9e7tm09jk8t, 4294197
osmo18nsp9kdye6myw2peucz6cs4zua4kwxlcgh7kjv, 5892908
osmo18pud5xrke2wj88jydft7g6c9hylu96kg3yshjy, 13457963
osmo18qw9ydpewh405w4lvmuhlg9gtaep79vy5ptqjy, 71018264
osmo18rkgyuyndswqq5ratusymmnpwa00gpumfghd2t, 36466464
osmo18rwuaujwml6ry0pn5pc6mnazn02zux2wrglkv0, 10803863
osmo18sakhgps9wzz8v9rld23lr8c8hx296f9m6aund, 149838
osmo18t39j3yelmht5n974hq65mh9eznf3u4jq02smg, 28872319
osmo18tye7mqdkz6cmfk6tcf6trzjexjvdjtnnt9d4m, 5901108
osmo18tzene5kjaj2z6ry7tj67h9a80mjmrd6qt7q7y, 33094869
osmo18uekcazhharfnl27e67jw82xzt0thqm02vfxch, 14348605
osmo18vm65zc6djlwcd7lxsc89f65n8fxd43xkv0f6r, 17416388
osmo18wg80p26wzjwdggclux0mzeetdapfhjcld35ur, 393833034
osmo18wyelsjcycz5y4hz8xnd690qy39ns30m0evk27, 77449184
osmo18x33kwxnexlz884d38p2hk24patq4pjsl2fy36, 3473202
osmo18xhs7tmx833m36y7gvq9y4pqtymuu9xaqj4e88, 33473619
osmo18z63wjpqkfw3s2ekv962shqeg55uqs7e6r5pea, 14747799
osmo18zefmjz3pnegvrq7476fpaf6u2xfgqx8qw09h7, 15364224
osmo190t90m7zplw5rrq8v4g9fs0tfpr7mqk838k2m5, 617687
osmo192cgldvhfvw4s7yzejrxeef73jvc4l7ycp7h8g, 557702
osmo1932c3xx2s25qk2c0asmj5d364d8e8q8tsq04dd, 6164244
osmo193q55wg7xxrl7yk77cf3n4z65cruskzspsj4ml, 50664104
osmo1942t20u6fgue2na85h8z80kmze53k2q9eujgdc, 1399910
osmo1950gr3xqphttp58j5aztgcn380k5jmmfnlreja, 5789228
osmo195929rxw30rqjrcfvfc8ncsgugnpv49r94tkar, 2827498
osmo19592pdljcfpz5um3r5nvh3zy0v8wvf6wdwd8jf, 3148053
osmo195asqpj3alxd3kuus5ryyh7tn6fv0xkhmpa8cp, 845959736
osmo195vwle5fhk28hwes9d8z6vssanpa3qm6kyxgka, 446557
osmo195z08s2qj0em8pzyyaqm5l29p0w9vrdevl7cdt, 5119339
osmo196ywd0mhv02n5rnqctd5rt9kwk6jd3ex2f95xq, 3551226
osmo197nrt26lht5k6805f5qfmj5r3mndwcsmtzv2z9, 15084189
osmo19a26gff0gd4jlaupgp360ajte6mg907k5xlst8, 52972788
osmo19arx8wzy4pwdtf7tc8tk349ham5lemgxwrnjl9, 2928358
osmo19cphf4mapvq9athkahry6a7l6haykcz7cqf9ty, 1297779
osmo19cywlrva7j537yyvej4p93sll0tkytszx929ac, 162321
osmo19e2670v3akpgnj4wetq2g4c954zkpkt8v7ya5n, 109087423
osmo19euwqzlsaluxrtmjyd0ss6e4dwsvjxmlvh65nh, 8194304
osmo19fzd24a02knjvf3flxt9h3gw4gvwakjpj88qlf, 1042329
osmo19g9pnfpa4jeusz087lt52g8vewcphhkcc8cmjl, 8735877
osmo19gcmdjeyhh54v5j4xgsh0rv342jkqhzkfj6tsx, 366938
osmo19gnkayakrhl65aq7kmny6gskephlme6zak9zmz, 61901990
osmo19jfu8esg7pt8s7lkgk88pc0hn4efm4hr3847sw, 51469920
osmo19jly2mmwygll740gfnq2n0rh6ztzhkwwtyua7p, 5207484
osmo19kk4mvrqxqwvwdr9a7v86wx0kzqcq6khumxs2f, 186152334
osmo19m8asm8rlthygd48sn236dfz2v76kn7nn6s8x2, 4730513471
osmo19nmj0pugzugswrtkge2nkklh74lfphvks20ga4, 9034821
osmo19nvkp97wnmtphc9jcfdqw8plfdh4ktxr8k07qk, 6482591
osmo19p3uzdflshsag86g3z7fqamm5e4hz67z0ges6v, 646478
osmo19pwe72fzh80yhagkugalz3pe08ymrzadvzg8uw, 757646
osmo19qc25l2nwztml9nvhqpg7y55420uvg59v8s9u7, 831846603
osmo19qm0jvvdm8jc7pcaa0h2tduvr8fzyvs9kqtuep, 93512084
osmo19susl6al8h7lqefg2svhm6gzzzvw5927h0ayqg, 7000202
osmo19t3rwqcqccl09tu3nwn7fe8q8g9lgdsu6rermp, 2006108
osmo19u5qeedzl76jp0dv5lhyccc2dht55e2wgqgtzj, 5151845
osmo19wh9g3vaxhrf8q98dtdftdlh0wplxc3uq80mzd, 10455302
osmo19wn6kfldgl4k7ul6gxthnrgng6jq28d4n3mc82, 15536290
osmo19yvvl0cz068qu4sg7v2pxln0cqm8nt77wdp7du, 3077898
osmo19z2u5wr25q9el0pvx4m3x6ce5zrax36geemzn5, 20505846
osmo19zg0wf09lmgut2c3whgp4wfjdlsvarfstwyjtd, 677747
osmo1a088thkk5txxvmaq3zd4sawmstjglpc29arfjj, 9032014
osmo1a08f2aha8t592c05lpsmln3dtcqldk02msu70j, 77719629
osmo1a08tzgv6kp79xk2rey7xqhj2nwdralzpy2nvsa, 383312
osmo1a227yjgpvlqxhtvsx2c90kqt3qu788x2cvlzhk, 1062911
osmo1a3d39tv7qzmnjqwu7x8frrwphxq6y98jhf5nwe, 8250710
osmo1a3eu040503s3jqcr8u8r2yyw4ge9p4wn8n35x6, 60268567
osmo1a3r3uhfv870euw40fdsxelpmv2a3ua695kw0gn, 18282600
osmo1a4elz2zltdxjjlps5zxqqw5hxvv6fg3khjl2qp, 6452660
osmo1a4x403nxvg8979dj6m2w4l82apqtg3mxwlys8y, 36382075
osmo1a6490vmtmtxz7k92akvjr9q5nqsj9axg3qlerk, 225745496
osmo1a6k8jrker4htkpy82ea6jum0n7966vk2s854tg, 4866892
osmo1a6qcwd427rw3a5smp5s5nxyh374ta0nkq6v03a, 29289440
osmo1a7sunqsryrgza00y4pxea47d4sskqz4ajl2492, 603212
osmo1a8unktv8cp8pjqqzd0pe0293zy8zktxwt7xrw7, 5651797
osmo1a9fzkadrn347lzwr2wfzn9mvg4a5m0quv06vpl, 25168764
osmo1a9kpek6dl4cnc68tvud5sv9hczkm3509m60m8r, 17896731
osmo1aa02cnqhwvlqsf87s6y2kwdrwk9mkzdy06zjqv, 26440747
osmo1acegf3dy7d8g74v3lryamv6jgqlsfy98u3spch, 31092487
osmo1ad6dqscdc3cudwa8cdj7kx5tvk8xnlhrlxlhrw, 311481
osmo1adh3zxewj6rhgxjn46hrpalx5qmlveadt949nm, 24047044
osmo1aekcc7v4c6vxvcx5njmer68y8rrln7jxphygvn, 146696399
osmo1aevcu0r2zce60pesnlqymqnhe9sufazfyx4g5j, 156869700
osmo1afc49t7efvjdqzf6jgsyycj7vrqqe7ml246lx9, 62735484
osmo1afgxa9373hfsvgsreuzufawkgksx8ymlrf07wf, 27599683
osmo1agwlxzfhg03qfakv2em3xsdgl73d7n9dgglvc7, 1279907
osmo1agzky2ak6xs5vve3c2wzjtqdq7fwadcgg84fm9, 576159630
osmo1ahkqmz5ujc24h3lm9c8mm3q5zjswtedljqqc8j, 10119796
osmo1ajl8ga754hmems6c33ljxerxvpw9detpjw306r, 198427152
osmo1ajql4ug94hxka0vqpq949mwgl72cst4g2cw4jf, 115812885
osmo1ajtz7juqh5jd9zjqw28xcmjdh6dxn9dvla82wr, 14984728
osmo1al9vyzy0d4uygnv85px6s0jwtr833flxp5z9kn, 65216
osmo1alp7d7p80pny3dvzpp8a0fr49mmututy35nesd, 57023538
osmo1ame2j4xqpenzt40hq97rdfkmx477cap3huh58y, 3641490
osmo1aq2qrrr9jqdt6wj32edlazfy64ajt9fv7aduhj, 13720000
osmo1aq4j6gz0tcj039nn74pdfefgksnqlld0e5vxpm, 8514841
osmo1artj04ggd38xftestmm48jg2ycyt9xutd7wfju, 1728173
osmo1as7kzt3w28qcwccp9tw4f3hrx6tqtg3kyred72, 9257358
osmo1ask8x8anxmdg9ujwat43dfdhmkx365scjplga6, 153835
osmo1aszpxp86gq9qnw8yyyxfkcfcau0870u3zm4w3a, 669143856
osmo1at64l8swyqnfvm8lqjq4w4hg0kt92ucahlrpqs, 244051231
osmo1atavjwqean7wtvhm39tfhcfame6ht0u4hwnfah, 59677971
osmo1atmcjv5uhgedha8vnnx90rfgxd4a9spr6lf4nm, 15428779
osmo1av5d3fudnc2ts4uln3t4z5xlgg4999gppn8e4g, 86143527
osmo1avclnv4gtxmlqge99q06fwlrpafypq0k6qfc2s, 461817539
osmo1avqxhv6txc3zf7f2ndqf7pfheuas2yfrcjchgk, 5595549
osmo1awk0u59cq3667pdxm7vchwwe7fg27cafuzmdve, 15015916
osmo1axrnltmta6qe4ls39kre6549e69g9mayhddtf0, 179806
osmo1c06l64j6dmatqrz879uf44tn2drplfr6z0ejxu, 20927990
osmo1c0vya2lr5dfuarfucsln8usulecschvmz0qywz, 8339260
osmo1c2ukpte5u58n8m7nvqq9hqxl2fdn6mkx8dgkuz, 25544563
osmo1c3cen2nhsyh7u9p75hptkac6rnvjuxcf8500l7, 13461745
osmo1c3uhgyvzurgezzs3kc0dc2k43jw32cjr3th9t4, 62006908
osmo1c3v569ugt8m52u26lkge78zw3v55qgwddq04sz, 996819
osmo1c7um4ysrvvm9p0qxrcar2n2fvqs87p0rmwh6cd, 2018250
osmo1c863exd3ja96evjay50t2c86ml854wdx3j2mlu, 10581474
osmo1c9556jdgtf7elqz5hqh8njttmx8vh07l7jxspk, 1614119
osmo1c9dqvfxxejfujczyfnkqwk2nrzt5fau0xtktep, 31790628
osmo1c9gvcjf9ad6jdarh6pezwyfk0z8jc5sk9c9qu4, 52703993
osmo1c9mw8a7sytfezamz8u8ftleyyl8dt6tkeh4e5c, 10069573
osmo1cacd44gaf97fprqeltndtxfsntlt2gahn8gx6x, 297671016
osmo1ccm6elc6p2syc8ywc2fp8ztj2j008x455tauzz, 2914486
osmo1cd8anq7tl0a76q8pz3d7uhz0wfv37ullagmxzt, 51568
osmo1cdzmam6vcph5zeqvgkthv5rlesc74pskgca37v, 5408730
osmo1cemusvyxfa6najlhturstsddkpguqle6xxnhgd, 137277
osmo1cffrhp203p8k6za80hgssxagp0dsugf487hcdr, 4651222
osmo1cfn9mzyfkw9v6adsm8lqd0ft8u90cjgz3nsd6a, 552971
osmo1chaazju7clp7wg4745ymggt9zgk0az3jjd7les, 1252519882
osmo1cj8ypvy7ctsdyv6dmt58hwcw3eckk008ynerk7, 18818876
osmo1ckc4z334rfpdcqdz5a85mdtaktt2dtkm38qs7s, 20386122
osmo1cke7phy60cfavv9dl5ux5jqmzy7a5y8gym4rqa, 8525014
osmo1ckmdermeu9kk7eknjxz2lcp46yaycygqxxl2hh, 3699782
osmo1cl64udct5phhette0jcwpstc4q5df964guwndv, 66004853
osmo1cn2d2vr5carrw03d6gzj5qd2aruk8aw20aagv7, 48496617
osmo1cnkpdfankrzet4v08pfvf7ze2yq0cn85w5x6uj, 162513
osmo1cnskgpm8pasf628kzqs5vqlk5qk0y624lkucj4, 15749022
osmo1cpuae23pr36qxfpqqmv7nvc7ehr6rl49fd0rme, 7725410
osmo1crsc6t30jmtnzxkxj50rhcv08dw7qa7445dpgt, 115539
osmo1cs0hc8hu5y6uuun4qqz89dd4ylmc4ck8tuuwfc, 2817360
osmo1cu4sdqjqmdmz0eh2laccjr7676evrpkjztrsg6, 149507
osmo1cuf2tf488xxx5gsju5wue3tv5lqctjm6vvkmkc, 49604601
osmo1cv73z7f9749md2kckw8nh8wr9sajpggfntt0ew, 54256530
osmo1cvpp3z3ql6mhh2kt0am2den76cl36m9ryc7y4m, 25198016
osmo1cwmrs2h6wxupp2p38ehy7rsnnry4jhf50lqqv0, 158921716
osmo1cwp0k6srj4lu4287x069r54rkx29vy6ar3dkwq, 74751
osmo1cws2ktsx5edvv9vnge8mj983h76vz4txh8nnvv, 106135
osmo1cxjungunz7402s9a5y43jyddr6num66xs7rlyk, 2612318
osmo1cxn4n5283kdyd4p2lkae4snnszt9zcpfedv2d8, 6030866
osmo1cy06ve6mkqav0n8m8sl3hcjd4jrgk96svp4rse, 19520373
osmo1d0e9yp9cu8x9k8mg0zmx7yh5wrf2cfaqvq6j2j, 77146
osmo1d0hk2gflp7hsejy4t2a750g34w2m9nelge0u68, 10522341
osmo1d0new9u2f80rcmmlw0zftxeh0385c2gwg3hr0t, 9354024
osmo1d0zydkzyw5jw0dwusp603uxpu75u4sht2stdhh, 290096
osmo1d2kh2xaen7c0zv3h7qnmghhwhsmmassqhqs697, 44442
osmo1d4326nfkxuglcjdl9kn86xfaked5txwek7ut4z, 96128362
osmo1d4aa4tfkv5zzdt6wssfd5txp39y5ymafhntpxr, 2268166
osmo1d5ukx4wgp25p8rvfkceuf4dv03r2nnl8gqyhz5, 678217
osmo1d6tdtvlqy9ds56w9cmxf62dhv9fq9h80fs9pj3, 60932258
osmo1d82wdk7kr9w08c6680vzhcsgjwl5fkr5zvcvk7, 638336641
osmo1d8gkhdnj5hxdql5x4quns5yvld99hwplqyyd4u, 12909007
osmo1d8mq46wt2yxsgwrmh6hhfgycl0537w8grq5kku, 117779723
osmo1d962fzdsgu7p477s6h3l6c5vkcr5da9vm2qg37, 110353032
osmo1d9pcgcunyghapt4e0agj66yj5qegefpsx46chf, 8125375
osmo1d9zu8dpk2dha29pjx7vlpqz2dslxqzn6huuqfj, 287424032
osmo1da85gjhaupl8ae7ee66sw9zh585uu9j3hkd8un, 27702034
osmo1da9mktg8tdxtdlungca2q4zmmgsntsfcqk8xkg, 9677487
osmo1damt355s4kvqtcf4w56p89v5krxlyx5wds89x0, 517001
osmo1daw2sahp0qcqcccv75p39wccj3guv6hkzp7vt6, 1633861
osmo1dcr2sh4vtnzrqef2t6x39yu3u0uwxj9zqc7ru5, 21398640
osmo1de3z7q5tf4lfnuchrcghumnc3cw0q3hhrlh04v, 583560
osmo1df9w32jcu23hzd73aq95j9uhynpsrshzfgehzv, 133158120
osmo1dfg7jytutzzpa4hehgeegw8gydjnww8h43l0yk, 973378
osmo1dhwc73cg89f05wn8e49yc4nnr39ymn07yw7756, 14771054
osmo1djcjm2qltrg65t0mx9u438yzxn8875meqr53mp, 3744294
osmo1dkpc7akx3anmhjymzh5cytzmy4vr3dqdqk800u, 14795509
osmo1dkzs68pzurlzx9qcz8lrkqlzzcw92kj6cc8urr, 404207726
osmo1dldahpvpjnpws438aftjjptj7rwdw74m6ukcsz, 282628626
osmo1dlvduk8gkcgp0sv7vcrrtfphg8lal0rzur6n33, 1910940
osmo1dm2jqsnc45vntgxlh4x0pjx78p25p99g6cqkxy, 2557618
osmo1dm5wfrlahz40e3u54lr3wlplqj6ad0h9xxjp8h, 169124579
osmo1dnsk6jw89f2rq676jfz8ua9r89dzlpz370w3h7, 1786230
osmo1ds7cjh0f3k3zxwjanf6qtqz8zhg6m6e4ty2kl3, 404839821
osmo1dsald76rcjuw39llj56q3uxwak3j53qvslzrlv, 9000504
osmo1dsnetu4t7q3y92p2sf2tlly4a3xh0yjx2p94fk, 21612908
osmo1dt3dt2wsrwatwxj5raacsu455ag4dtyfl82gsh, 3214751
osmo1dt6pav926rfs5tyfgpq85dgr8xd7awnvqq26an, 345113
osmo1dth49y4l3pp7l4h600klqdr9cnyegc5rtadzyy, 37137480
osmo1dtknvzmam8z0gal683pumydcuw5zrv8sn92z8d, 494727846
osmo1dtlh2ruun5lnyqjswlcn5w2el0xwn5nqatpwpv, 17565401
osmo1duh4r5397e0uk59duchwamdyheeaeac3zur6nd, 6811657
osmo1dv0rc8f4as0vk8jvtkxfur2cwj7h7wzs5aa8yy, 19136178
osmo1dv3v662kd3pp6pxfagck4zyysas82adswgl2jf, 5962470
osmo1dw4lc4zs66zvgayaxer5fk9t956ms9fqd0yqhf, 5977612
osmo1dwzxaessw2fpvfzyh4wp7kgmgcfgeqth6xjtxh, 229613044
osmo1dy6c2gvg0802ujsnkhcg3f0vuvqwypu326qc43, 16280975
osmo1e0d0daqr34t7kgdumgrlrwf7xye9alqf63qqk4, 710328327
osmo1e0sahhzapkfeytu2uklcgfa3q8j9kws3eje62q, 1049478
osmo1e4de2w6322gymma99zw7tl7tasr8ly2sd7896x, 8386253
osmo1e4ktt07t0pqn0q7fukmlqz87nqhan3jg26vp2l, 1621356
osmo1e60g9rekrcl9x4ghsz208m46zlfc9kl74g586d, 50979033
osmo1e6zdjcj3wry34hns4pw9hvse7xcv9mmtwmp0e8, 34012345
osmo1e785vz2yajydkvx409cplj6kg939d5mm9m7gut, 53397037
osmo1e78zc77jlwtzulvupvun55vhvm0ruzdgkvlyla, 24986900
osmo1e8238v24qccht9mqc2w0r4luq462yxttnk462u, 7202912
osmo1e88ya370jh3jgzl7z0tkmut3smvgcz7yw00sqa, 817842
osmo1e8dk2324fh7dt4lt7e4fukm8edmj0f2hp6wuuf, 4494844
osmo1e9ay5mtaf82l00vlhj4pkpqrvxe3cu3jecuz6p, 3762531
osmo1e9gyenmtlrusl9af67mfd9tpplckzmslze9txs, 17831809
osmo1e9hr3fnf749sv40yge30dcz2jxrrwh9lnk2wq7, 18378980
osmo1ea4wxmfqtedgvnpx6hju5qcmuqspht9cjm9v0r, 47894
osmo1eace64sl5wyjctlw8aekr5wdtnwvv7epvc5x5k, 82259519
osmo1ec5yt8s9kxk8zun6v0vzl9nrx0w3znehkeftjg, 9673751
osmo1eff0rr0ptx4hvc3cnwvm5wween82pe4hcwurkt, 74348486
osmo1egurc9ulnjsdxtejrlkw4tqcg200fj03nllmxr, 17593376
osmo1eh5mwu044gd5ntkkc2xgfg8247mgc56f06hgjs, 441982270
osmo1ehjxnjxuzvwvlwtc0a7vfq9snadldp6eym48l7, 12876642
osmo1ek4v0v8cerwtgvz4ht0nt80fgzpagp8tfckg4h, 1406077
osmo1elcpqhr4t53fkg4ae6r7g8c84f54rgd5tzjxj9, 145872552
osmo1emj5gu2uq0pr5ce49d6eaykh9msk3t067g856y, 46938986
osmo1en6pdffehr8l7h6cq97nv4en9q7j2wvtatst59, 4024871
osmo1ensjmhuu0hnjajxfw8mkzznfja973p6kvvk4wq, 3278421
osmo1ep6h8wpy348qx8rq8vcmep0dctl9epgyuvdlhn, 2615375
osmo1etp0xd4xwma5xcchjx6l2dmmxu2nk64umhmpe9, 117545
osmo1eu6yf2wjl45qqk4qyj9u9eruy78dk7wgzw0vf3, 63808550
osmo1ev9q2wmk8prqykjgsrncl52nxwyq0ku67wj667, 19989944
osmo1ew6rrdmz9vngmm44rjtpv8gd0gt8c96qhwtuqf, 13633739
osmo1ewmayyze0svkhhsq7gs5yc9gv8uezn3thc2xk7, 1532478831
osmo1ewx2yh0ukm6835yk8fml5rnlzlzev6q2ydr5hh, 149669
osmo1exatcux26nvdhj40eu23keqlzfy9kslj6572je, 631372197
osmo1exgtvqne7kq4nt2dgwv9hwc8q9spdkn357kwez, 5461318
osmo1exv9vd7mf2wme3stntvdnklx9kgph2kt5h6sm7, 12003730
osmo1ey0zj32ytc0lupnadrfywk9ajy3rlpv77kja37, 696677
osmo1ey5xhfmeaywjg6fdz9nxr370gauyfmwmdr47ey, 440459
osmo1eyzg2lrflnphdxmrpty5ape5mlhk8tsc9zj3d5, 242865271
osmo1ezsukd5u8w92uxhtktdmamzvm7zm5yl43qlqld, 2769178
osmo1f0aj02e28rshw4gfrtraf6zt8jv2mlz0glla67, 77295285
osmo1f0tk6em0qlfk698d0c5fs20h9x7wcuq076pmcm, 20332194
osmo1f2d6773hr7n58ut5e5gawf58k5f9lztqm0v2f9, 3486649
osmo1f2gsuwq96przks273dkglrjwutxy36dpph2mpw, 132785075
osmo1f3fzm6qfs4zzzn64yx4z36pqw5pepqnj7qvymu, 3004402
osmo1f4g5htvcjpzwgkugjt54yd8ghzscfyqy53x2sg, 631363252
osmo1f4hmea7xdje20zcqtsrll2kzkgrwcmyut8w3sd, 28280437
osmo1f4l7jdcyfvs99h2sm8gvsankj9z770gpkp972h, 166808
osmo1f4n4a3xyun8ntgk9skh50t2l884vfyej0hef6g, 280467
osmo1f7653xmmtk6c5ph8va37juwfzxdfcfw0u2r2vn, 11536072
osmo1f8hl8qhlvn0ecnaa7n6cjpq6nledc6zw4ss4q2, 79346
osmo1f95dmun7ldnyzymrja6qjy063nfug0kzca7vfw, 283971853
osmo1f9lrxfv5ut7jv7058ugeg043fx60wqtjjpnxyu, 165514
osmo1f9ndy27yw72ekpftt66qcckhnrp66alxnfdavd, 17979910
osmo1f9z23sv7l42uequk4p03egyftl59f2vuvev5rs, 13651048
osmo1fcwuuev5nnu3jeckykjnn6tp0vre3uu7swk0xe, 11564306
osmo1fcyx472u3r2cg90zufv9pludp8r6scfw53yrp5, 898172756
osmo1fd2hlkk8mz4j3stjd0vv894evxhmq0fkzpvlsg, 14597515
osmo1fdwa37j7lmu6laulptekcqqfvsv9203kmtlr28, 5226593
osmo1fe4zn60w3l3g2zt8u6wlcrr50c04g5r26c3fgs, 11193011
osmo1fe8cs9dv33ugc4g8ea9nlednrkyd9urq3lu23g, 60353478
osmo1fg8dw8fe7hl69492a6hlsgvakqr58trunupyjf, 33185568
osmo1fgervmzxekh0zc0jpr40rutv8hdlymcjsjdw5q, 37760060
osmo1fgp63yvl8t6s3gu2llj5tmgsa2nx66tjdutdyj, 168164
osmo1fhs7zcam0v7wrufcprhy2msa2pt890ll8yfnry, 5256727
osmo1fhwcyxx2lgefnslf0prm53k93qxsef6uvy2xxs, 98126
osmo1fjsc2cdqwvw0aw533cfl76uthzwem8ak0rj6lh, 81603644
osmo1fkyvccs92hsrflefg9u030xpq7gflr96a7f7p5, 5148134
osmo1fn83fg7f0m4xxlv9e6ljk3m7f44caujh4j3xn0, 18246471
osmo1fnceprueluwjslqx8gt45azrq0plznker9klpd, 5546733
osmo1fp2ph05q34ed4q5tppurenh3as6r6dfkcsym5c, 70944833
osmo1fqj5rd8gmr35tck9cfqg5d395rumk87jmsxmew, 8001171
osmo1fr4aymj2294ak7t80d5gdptgkm8mffhkd35j4a, 801980
osmo1frc266qg9vdyyfegekxqfmvlxpkq9thh2epkqc, 55292921
osmo1frrh8gxt8dz4tn9trqrhptv4sl4rq9qelegrc0, 118892
osmo1fs22nr5k395jl3jhs7he0fwj22velneuy37xun, 956387
osmo1fs67g6a7jdf4u6lkhyuwwlyyf9dw8ljtzmmpam, 15848945
osmo1fsclv2hq9vf2jw8dv5wrffprh5ga623mxr5pcy, 2360746
osmo1ft9lpn9uazkvhpkgd0l0uys0arftxkpdhkr047, 23002066
osmo1ftvh98sddf6q9jzqtfk7xa4y9hkqc8lchpd8x8, 13320322
osmo1fugqgctvwvnfa92hsj8p2c2nxfe8q9rlepm672, 536819
osmo1fvjxv0eh4yljed6fs2kvt3ys7d0l3s4t7jzspz, 21669097
osmo1fvx3p6jsajycmc3xr9te5d3kzdyr6jvmz24j98, 7125129
osmo1fwqw7sl60p0qz9nzefuejl8z69jdvlceznyht5, 1868077
osmo1fz3n5x4hxf2y35xgxgzq3f76mx0cjv7m3yqa5m, 2877979
osmo1g0hpuuquyk3t2hgtm74336jvpy6ssue78xv28s, 107904
osmo1g3v3whqk4n34d70qz5yz0c9tjqyr5wesa5vtjv, 11713425
osmo1g4pa7rju0t5lyvws9yl8va4juvyuy78dc4ygzr, 1240706
osmo1g5435cjhlm4s2nlmwln6ess9x4lc4qgdpzj6fg, 884989942
osmo1g695kg3y789klma049kqq5ggdfkqusq423cln7, 181841310
osmo1g6ydsj9ynpj872h3lfx8v9yhad4p8d9n4cffj4, 8178741
osmo1g8ctqa5jfp253knh4nnjwy4aw0g4h5wwth6vex, 3660764
osmo1g8gsfpnr9vazqhu8w63d0ag37pqqshj6gdd0p0, 75319385
osmo1g93ux6aj97ny7dh6g3u3eerv9nnvlh0dujw2lm, 117486178
osmo1g9afvtj77v2wj28qqqkpxpvfzfkzauzdkd9yfn, 22115606
osmo1g9fvvvun0vk3744zdvgqz28yyhk2y9anu953u3, 141811
osmo1g9hwpaxe3n2wnuzedr8ala3sknwkygr83f6f09, 102689882
osmo1gakeuauc2akv9rs0c3ezws3qa46hhuj4ug9p3c, 9067850
osmo1gdv7kzg2lvx6k5w6nxq84q8r9z2ujpve8ds8qf, 154805219
osmo1gekvlkr4n9ndl8u4p30xg2lw392pccc79arcu7, 164775
osmo1gemjs2khq8y6l0v29vv0mkalqt4dvge6wnnyen, 21077385
osmo1gep2fqxax0e8m6aqfdu5vrhuvrjys7q6jaga48, 14555014
osmo1gf5lfrstxcv8764x35360tmf62d0gewzc8xj47, 129209682
osmo1ggtq2x4ve9erkjdn0w39mc6kkac63pjs3nq7w8, 14237351
osmo1gh6v60gqkwh3h6fwc50ra7n7t0cf9zr4fk2znx, 6932175
osmo1gha704mn5ym5yecf3ypzj79zt622f765wvqxaa, 818050806
osmo1gk6h6lswwqer8ulfgfvy64nj0p42xd9d4x2tqs, 4593033
osmo1gkane59uzqanlwypwx498uy7dnxu4r7p6nxn5v, 3188556
osmo1glkdcp2cvurp270as600pgz5k30jwwkgxtjsun, 648712
osmo1gnfqundmu8pzxh52g6ula38pdmghn6mm88ppt0, 3739064
osmo1gp8hlkn9q0r6fy46c3pr4qdpfe8eyspq9g8jwk, 238164
osmo1gq6pd9q8px97720arytdngc7zhyrxp4xacmre8, 778702
osmo1gsvelh3khvamxt3vatm65dsqeug78tn3gyw4pp, 10551422
osmo1guxkp54us3e6zlm27umfrtzmv6rnn5fcjthw6l, 75796740
osmo1gv2qet2fjm4jgjn0tqdau7467wla9uu2a492v4, 44880018
osmo1gw6yu9jetj2vrht8qrf9wmpjdq4weuee3hqxtg, 17200
osmo1gwg36krlsq8ka384xnsfn7twtl504fhzhxlqft, 641103
osmo1gwk3r3zrnfxcasat9xapyua0prsvmfvxrfn27y, 38536444
osmo1gwnavnyf36sm2lzkt767qngzqau8y3tr75tjqy, 1792234
osmo1gwnfjj65zhxmtnpxzy625cpx692lfjuws5g6gy, 5527816
osmo1gxg4q3djg6xyf5g0y2lxz84t6cuja3425fgs6y, 149741
osmo1gxr53f9jx5cxn3dmkzr2eq93g05yey30lmlwel, 1302626
osmo1gy0nyn2hscxxayj2pdyu8axmfvv75nnvd08ajh, 312220
osmo1gyatgf0cf3w87yqq239sqqlvk9l7hm2nahlpv3, 13052275
osmo1gzc54u4p67hh9r4m9vcml3ke9fc29tplcz65vy, 7442
osmo1h0aht7sz935a5rhlahm42uygkmnanp63jl2ql0, 17141965746
osmo1h2n5m5yzfd33yz7eypjjkadskhv58d4u5rzfee, 675661795
osmo1h35xrvws8e7yxecncv0qgvyquhcfemz8zwevjh, 15417330
osmo1h3a6jr6xfdzamcjsnt5x98zfq0ujv7dmv0hlsr, 640913
osmo1h53dkxsa5j8ukzh4d0ucehqfr7dvs9and92fg3, 74781963
osmo1h7lgew3up4vpq2lvy4a6dma3d6zj5wqw6lpuv4, 1750695
osmo1h7uhvudeysg520f7nqfcw55rkzxxvhvl4gae4e, 31889208
osmo1h8937qpyt7fpqeehtzyw5t06uuujqg82d2sf8d, 2373321
osmo1h8xv77np3p0evs043vcxnpmh5gdjnnhqn748n9, 17710276
osmo1h97g0vka07m3ntzr4s85xwpzpeszxp4h2x4kwj, 10531910
osmo1h9ka5w6lqdfjlr2cykypg60w0z9cdupsv54w42, 105551
osmo1h9v9er46xw46r3mmptywt2r46snz403pnx7ruw, 362477217
osmo1ham5qwp4hks56zv587y24new7ap0md5sxyuugs, 8249860896
osmo1hc5ggmaw5v0dp7wust48zskmlr4t833l04c4yc, 590370
osmo1hdehvekr272dgs33u7sz5vxwc205p7f94cqssk, 39685776
osmo1hf3j3h8p8gmlxqa6e7ewca4cw3gemme3j75sjj, 64066395
osmo1hgmj0lkzjh47cc57fmhlcpu8rfqxq0p4rfr2vm, 127356
osmo1hjct6q7npsspsg3dgvzk3sdf89spmlpfqua7lv, 1704637275
osmo1hjuhwywq754h0lakl0g7x00mvjqxf52nhrfzlc, 52297129
osmo1hkthq04278pj5cqt7tsle4shs2hhlee4c7lguf, 20095093
osmo1hl3m8258hwqm3luypmd24z63u5u8gsp3e8lut2, 17135473
osmo1hl3nnq652mqfsjde3gccg4r80r2xjgvtdw3wac, 8155753
osmo1hmejnkas8a94vhhp0z6cmjpkzzytccv84cc3mz, 33219357
osmo1hnuraumtjc0djml2p6kxttstd6xhdn6rtgrg6c, 20281047
osmo1hr4r2tflx5aahspfkqd32qmtt2nejxxljrd6kt, 33821600
osmo1hrjtw846eqqrxa5cvk2zye8qyapgcrnmpt67h2, 104859602
osmo1hsym9q72n4tvm3e5tz8l3ua5jg30mwrsx4wj2e, 8652450
osmo1ht9h3m4hz7ndx05nt48hrdwm5nslh2ma52xkml, 90661567
osmo1htcn3e2e8a2fezukmf4g777cg0e24jleu8l9zf, 1012533
osmo1htcwl6xfvndklwyp9skrr4npp8sdd35xr47vk2, 4891194
osmo1hucfq986ef9p48nhnwgll2zm4gzfxkjnsha99t, 27646065
osmo1hvasg0mmjkvf5r60shtjruapxu2vzcrwl92v9m, 1510824
osmo1hvy78hxnd2z9ycsc9t83a9k90zdyvp552hpnga, 885463
osmo1hwuvhvgpga8n7p3tdfductq23aegnge7qtdtcd, 28874830
osmo1hy0c4avrz096xg4hhqrt9f67hcgmra64hsd3fu, 600379
osmo1hzvxyyz3c5cqkly8k3eruxzt2hu6fa9kjv3w5d, 6728359
osmo1j00pgyqpx2wzlg59vtut0ndrd65q7z4430xz4e, 2105876
osmo1j0la73jh985jpt55xnh4ffv88t7lzpg0tqdshw, 800204
osmo1j0utqnwwypa5aal9g6srtny6vsuqk3lfwhawvm, 661028
osmo1j0yd66z8cestmequhfc06853a33du7p9dj6jgf, 35253855
osmo1j29pf9uamz7c6mgev5p6zjjr3w5m4cjjrzueuy, 243344625
osmo1j2u8k7syn437pufe7u8gcs9kudx8ugxv6t4nqs, 14693392
osmo1j33jzrm6mrpjd23867q5a8wupg9nascusyztyg, 129512
osmo1j56ey5a62fatxa3tdtvpk5zpg4ylv5u8a3px0d, 458338
osmo1j5n75yls5aun28eu02w2hdthmtx29pveclwl79, 7096192
osmo1j684gzyusy2k4t60fu4yh0mgg7mxcfwk64pk3r, 101193774
osmo1j77jzu68s3nexm2yuxq94jlgnh4gn60jve7zng, 75587943
osmo1j87w0atzwlelkffr7kcvvdk4fzarku6xa24jvu, 85764310
osmo1j8s87w3fctz7nlcqtkl5clnc805r2404s38plw, 9158605804
osmo1jceysrl6xhns7zxyhfy4q9fa3k0a94dp6sm889, 5443890
osmo1jcy2n57dwag2050tujardzed3dy6ml50d6utvk, 58903734
osmo1jdkd57kyj0ps6y8ev2sktxzteavsqzm8cxzlsu, 356773
osmo1jdn767m5qwzmqys9q87s77qv3fqjq3knjfrurq, 20411098
osmo1jf5tgakp3s8pk6d5lywzn27f5qpumlazsuldr6, 8484594
osmo1jfa3vw3r50vyww2qwklxqn6qu06d3uf7vc63qm, 235420551
osmo1jhd5q4d6v5z3ml5qeprpu4dgk2p9f609z9f0yc, 54533594
osmo1jhep8fnjdxjsue0mny9q59mdk00athu23vymjm, 14075053
osmo1jjkphvaya38w205r9f0lu860hay25j7hfzehxd, 33935977
osmo1jlzfx7qcz7t47htgxgyfhh2a3zga4lrjqgcmj6, 112551416
osmo1jmcf5na86q3s7hpvsurj7vce9mh77slpmj4wn8, 32291461
osmo1jmk98l70x9xzl7ju5uqfms3evtkcgn29pktqyu, 6169944
osmo1jn4sj036wrmvv9q06vescr2qx576y5hgwej2as, 446796
osmo1jncch3pqnsz4pexrhtgt4jtw0gn7j2ql69vqmh, 134553577
osmo1jnshptet6chflna8aha2rk90230lylst3fuy4s, 9448836
osmo1jp0xnftxy5tsc2ddgrvtf3t328kjkrmxlvyva4, 1692610
osmo1jp2c9j2ap28cd7ftzlw2ngf3tfyktzlyxjulyn, 21268320
osmo1jp37jn8c6swpz09psmfqh8ja4pwf8nm9g877qg, 2259520850
osmo1jq87rqd5dnztwnhaq7n0j9lt387jdxwmsgn5es, 2046572
osmo1jqpl37rn8xv63apsw47u05evp9g9p34g7elemg, 13320760
osmo1jrlf6r7dz4a7z57uvjpwacfj2dkuf8znl4kk7f, 527755
osmo1jrrp96cn3u864s5g5jmpvq2nze2jnamg39ccgy, 8625486
osmo1js8ulghdzw3vly4gh43nyluxaw4tt0phtkrpnr, 5588035
osmo1jsa3vf8ng7c5wnwkyaslhuskx9trj5za9fv4g6, 601743
osmo1jsadfu3nfj83sxqc8at4ppmnkdsm03glaqx0gh, 1443142878
osmo1jt4lkv67ey7n6jxhn8a0lvqddqmdm96nqwa07u, 55813391
osmo1ju3k40n7snev9edexzkslwet24acnra4qalt5a, 2721105
osmo1jurgtpheq6sw59pm2mx8sgm8xtq020cyhsrnrd, 113613144
osmo1jv3y4mv9kh080m9davaakyrppzckeq9z8c7g08, 19049043
osmo1jy9stgfx8unksatrsegm7kqmm7aylwcs85sv7e, 4127317
osmo1jynrydx7p784tt927h9pa0hlhlnfvtylvfm87l, 2150919
osmo1k0dksss83h0dyyw2le0hkqmr6y88am8tqnnk7z, 5068528
osmo1k0g7hacqf25ahx75x3p0dqsch73xk4mejdq3k6, 37213
osmo1k2mpyhlnamfsveytn009qs7xd6czu84ke3fe36, 21448857
osmo1k2q49x6t46rvmyvllkl09msnpnf7p5jum5w2yd, 674756
osmo1k32m0rjx3c8nvra3n2acupmn5ersgk8d5mpgzs, 9796704
osmo1k3zuqrwkad0kpeh6p9fl7a2nnnevkv9584znph, 44046676
osmo1k49luuv6a09542hxyz7e964zz46ka5jt0at8d2, 21202127
osmo1k4grw22yucsu8rnycx3mhcds6dkwnwn50w5wp2, 2309020
osmo1k6fv2msgsl5j2tctf0lcjcmmhqz2g5gaj2d2e5, 344993
osmo1k6q2fr4skw6dwq2s4nw8cquguvsahpdjz9kpfw, 120039041
osmo1k83wv8wplkakaln3sf25ctd2lhj52md5m5nep7, 6084814
osmo1k8j0q5lrpptneswrld5rltkfq7hgxr7jnpdks2, 34288062
osmo1ka7qn8fwynsdfhj5kegrm8w6vlrtnm9qk56uce, 184248007
osmo1kas8xv3rzsvex0txn76mgqa6cm93k6l932zkjz, 69685188
osmo1kchwdald9h3g2a7kvleufm2sjqp9u7038jugga, 12600110
osmo1kcpdvvk4eqhrs695thpc6kvc0jqntmur8sguz3, 6785484
osmo1kd6u82y28aegc4srwhqxk4htwgc8xhufrfz9yp, 44267786
osmo1kdh4vxwx22fjzqx0zwlx73g3587764xv9vd2zk, 2472125
osmo1kelu2qp9nkgzptzhp8nh4m3h4zsxfky88y7yjt, 18512957
osmo1kg99k8wd67r0ffxwavgnxup7yk46rvttthn5gl, 288978850
osmo1kgquh04ffqvadekf6e47070gskm0s0h22hcmd2, 35018665
osmo1kj2z2cjvw7kuxpj22ann0s2wmg03a4p5etysrp, 104223
osmo1kka4ydxn3h2wmt023gwllmddzazchn2kvzjp6j, 9542614
osmo1kkeyxpjqkc2a7jku3h08s9xxtdhrnm4275sgrz, 686037
osmo1kld4apn7xxrdhzd3wm6htdszdse2evkdmptnrt, 14781961
osmo1kljl5qexsmh5x2zasyy0yt3vhc4fqr2p930vnr, 13739766
osmo1km4ce0jeu6xqe0qd0pj22q9k3dzav7njv6m7v0, 1821937
osmo1kpa4pkgjcpvjqfv3ptyec52hpumfmytvg5vvgc, 12222095
osmo1kq04xsze730cypxyfm8vtzaamddjhxhepznnrg, 7631861
osmo1kq7npma3q56druf55qcuv69lhgxeyzj042c9j9, 10964688
osmo1kqtu5swvgzqqe6es7l6sj82swg7g37l5sw8f2t, 13552867
osmo1kr50nh6vcxttqcrwhxyffs7mar838n82x9mva9, 1201535
osmo1krv9mfpdy8l7k33ec0qwjuwf7a35g52a7zwrel, 24859414
osmo1ks9x88zah7nu00w3yythclhw5z47jshnz9hy7y, 317244
osmo1kt3l4uvkpmr2qa09xyktsstkgaqa8z4p8fyz9p, 252105
osmo1ktsjyqvpmvssn4umhg8rhy02dk4j0zedzssag7, 59647957
osmo1ktvnuysk4lz0westx7wg9q6rggz8e59zpqhnr0, 36381801
osmo1ku3dvxyqcxu99evmka6kqreckadfxzgnxlp2w8, 1116394
osmo1kv9e4mm8n7wfrwt6jd7utyrae7ha3rrcchmgg6, 49971110
osmo1kvdwyqw38g5ljdgesh6wauchnlv5s644lzsnaw, 2771947
osmo1kwrrhkxmlv3l5ntkhg9hx53866x4f2wdregsw7, 455127
osmo1kwuwr5tp5j3tjv9wyxpwyk0z8ntctmak96huv4, 117502
osmo1kx02jwsul38ydx0luc2xkjelyvez49tydnl6p0, 269330962
osmo1kxg3c4suavrnguj0v0ygkyv4hxh5u9njcds3zw, 75904947
osmo1kxp0r30tcssdf520vt6kgvw24e7l8cmnn5rgrx, 674443
osmo1kxuzmuw7ruwruc92g0qpq0qdkpj89mzy9rdy8p, 240909418
osmo1kyqydg0tmq9ll9yya9vmncyl623mkgx4jq52v0, 2354617
osmo1kzdwajr3qdht574g4x46qmsrl3mfua5c0pwacd, 876040
osmo1kzslqv5llhruarjze8z0m0dwhswkqp07a9ru52, 1351288
osmo1l0zaezprhjh05v4zjay67ddeqm2hje8a892y4t, 269887
osmo1l22dc2vjgrgwl73ef6rl6zp3uwr007ft8c5vam, 121376549
osmo1l3mtwzs9fe6xsa6arnqlpjuz9x88zn6pydz5rs, 353310
osmo1l4e9wnvgcn65q9vklq2s9wufpq8et27g8lc0c2, 44775
osmo1l4x632kpnjxcn6vdt8n7tyty9puufqnxe6zrsj, 280578898
osmo1l5f025n76cqwzrhxvvg9u2yvd2km0m2khkjxz4, 9253365
osmo1l5h8zna0rwy20smjaxfj7hdrtd2atq322sr9uu, 346854
osmo1l5t20aa79agyjz02n7slve08vshn5jn50dmym3, 109140811
osmo1l77pc99nt4ryuk885zukuatgp5v4hf0eufp02w, 1935964
osmo1l8tugg79yzphl73yf04ykt0mjcj5agpexkw042, 216329133
osmo1la4t7jee73a4zqg9ccs2acjt462qjs5x7yr99v, 1061671
osmo1laajngxl3ppdanmejquf80rpwle0aawnpl0vq9, 13815628
osmo1laqefwck8mkxt44jfn7fnpynfv9f2utyx08qpk, 89293246
osmo1lc42h69qpqjvxhlvv40ggztvgfg4eqreefl4nu, 33002117
osmo1lcsjy2d5s33h0sddd8lpuqvwyz5ruz7jcjp989, 761652513
osmo1lf5cpx4eh7zr06v6f63vn5vhx9jy328fmn9tt3, 2377781
osmo1lg2gjke0u9uag4hqh27675ju2489f5ljnw8v49, 1760671276
osmo1lh7d4ft4fcy78y7j55narzuy5l6hz0gnwl3xyy, 20320486
osmo1lh8lw6zp2hjcmx0s9pkl38j36mqk6tffh8hslf, 18916657
osmo1lhp6gawnvngwdzwsk5cqmp9ad97vwahpv7hazm, 1739354
osmo1llxjmggmyqgqp47u3x9s24xlg5l7c65pz253u9, 84733353
osmo1lm9u97g8m42m83a7frhcxdhwdxdarez7keltst, 53107924
osmo1lmg3ea6syazpch4fzs4lu903uyzy8k9sqtzjm8, 2902836
osmo1lmmlnaclv76qvrcm9zu6tman7cv3g5ddmthrlf, 69565
osmo1lmpnmg05ny7hsu9tmn854lhgtlxl2ucxpvsmxf, 194675
osmo1lmr3eytr6szp8ms00ck2mz3dmjwcz8zmrajk6z, 12623061
osmo1ln275wyeypycg344u4mt603gsxkfnn6elqs53f, 3238852
osmo1lp8ve37va9dfsn220c9y4shycv7w2vtr5e9cyq, 7548007
osmo1lpmwjpvzwyzpw9gww4c0wa3yga9yt0f23hy2y2, 5840271
osmo1lpygsj0j2ahyshx5fm5ucy4dmw94lrafx76dxn, 41552380
osmo1lqallsn9awysnu57f36q3yj3r6h5g5qxzse879, 9589164
osmo1lr34wy965xkawcawnrpvxykp36ua0q0zxmxj8t, 2567538
osmo1lrxunkhaykgfj0lflf98d09cmxg68h6a45f9my, 11293278154
osmo1lscfd0unf4wp5f4tnqs5jz6gks49764s3xa9w0, 19464977
osmo1lspy7yu506jz2qa0npwuut22qayde49usxj088, 22054151
osmo1lsrnfj9r268lsmusu3k5hu0mvwlggsmxryt66w, 19239383
osmo1lt3zkefmj9y3w06ca30fpnnx94gxk4p3jhrh3m, 7859323
osmo1lt83tymrlkcg7jtfrzv5370z9uthttpvljxzmv, 2199656419
osmo1lu9xupr2zkcfk79m9hmfh9e5pa8q9j5mljqf6e, 940135
osmo1lucch767n6ykc6n087zxgpxph8xhkrj2z5xdth, 79375180
osmo1lujrdh66jk9fqp9lrdu2va7t5sl0net0tnnrje, 3144033
osmo1lv64h29wzuv4z2zy7mpgz73k40qkr53z2f0wlu, 2534102
osmo1lvzylagfa3ld3tqjvn8af7ce00s5qhwphmhuk8, 1621829
osmo1lwkr9wpm35e93tnjj9awhhph0p6620n0ju8c2k, 62803
osmo1lymp5qfmz2yf9caq9u3k0a9dk0pv2tjtqhm00z, 45242143
osmo1m0ggetzvcqueeahh2gr2vukqujkqea6cj622dn, 1592519
osmo1m0llhuarvdx8ejcacne8cgwqwdp7hqd2ds8fff, 71344886
osmo1m0t6a2a7jr454dfx3p50au6d4wh6mezf53z43x, 105835670
osmo1m0xhut9pkw084dd7cyayezypdx6z3s28sht9e6, 32122494082
osmo1m0zndpgewmsyeht79kcnm7993aa020s7dluj67, 37466099
osmo1m2yttzm3vjckhgqzrkgkxmh2cgtl25he8lkskk, 2816012
osmo1m3567wl3jl0dwvm5m3et07hwmg83vvn8mrrygu, 1860865
osmo1m3flfqhj8tc66cdwsdkvp65nxe6fc4ckc8kdqh, 1410555
osmo1m3lvlydlu3mqv7z9xgtqjplcx20yc3lmx3p73e, 691095481
osmo1m5agqwqfamfyy5ul0v0pqtndtey5ype49jm8d4, 11163940
osmo1m5dfxd37j9t704cd3vj3fm5dx0udlwtqk8m3zl, 326918
osmo1m7jh3hgvhc9epww7grdezdlduw4gnvcaqgws9y, 1371059
osmo1m94lfs4vsgq2k90rv36vy8h7mefhpqpgfxfugu, 12214142
osmo1m9dwd037y7ma059xsnzwey92xk3v8jmy5hxrc6, 53275615
osmo1m9v8y2q0m8jmqnwnh30f70h4fr0f9ruzxt0z2y, 54808016
osmo1m9wceej5mcfv33uvczvjn07hay9za7qp5sqrvc, 153689793
osmo1mau5ymx7k80ca69wuaj5l395lkl346flu39tg6, 926069
osmo1mcw7gm79jnl46qevz9l9egq4epwdvyhzgrkgcw, 2403968
osmo1mddqk7uetlfq64r59kn4uhwlxyz9985emwcynn, 51585539
osmo1me6xrxj80cp4smrmy2mwaan67spnsen9c54m78, 121760962
osmo1mef4d6l7ajxl4k2r4yf54xy7v50x979ue6qh3j, 1552804
osmo1mjh302e4r4wdw4whx8z67n8s6cmw0ga7ev2926, 295236313
osmo1mk6rwlq7mv3gkywvmznpzz8z2w0x5ht2ad09d2, 445786
osmo1mkjcsmard8jf6wmnf5q54yavqqt4hv6lrg0hu5, 6165246
osmo1ml8lwlj6xnwj7ee0qjgegndgx6km593glkduay, 1166885
osmo1mm8huzhpk5tx5vgj877zse37c2zdymzltn6m3e, 4515925
osmo1mq0md205zymex9nuxmvjkjex6rkwpqmvqcqc62, 8166198
osmo1mqec4rsy2ez6475x6e86k7045ks26hygg3amvk, 168831
osmo1mqm9k0rq7mh62va3p3p4qcepqerp8853jtalrd, 5302246080
osmo1mr8zwycld5he25rjysjukndzkahnkehvwts539, 2282359
osmo1mtq24m9c65czcx6qhrp2f2vqd3uw56m7kwyem4, 333541136
osmo1mttae9979xds4k8d0ejamp7uqczhg4k9wcp87v, 168791
osmo1mukf8rml99gzff89tnm6fwf59cseufrp47da4m, 93317511
osmo1mv77pg67j43rz2yfm9u6s9s27ujjplsn7lwa0r, 1201865
osmo1mxlr7up99ukuwj3frr56qwamqqx7p0grwgj85r, 5485591
osmo1mxtepzwtdtvq3agfzwk960g5ypkfex34hcxjrp, 846195459
osmo1my4sez782qsn9uhfsd3zwrxcwzc8dx60uh67ly, 105102780
osmo1mygm93vzdhmcgxn59m8vjcm22w2uzkxm4h7fc5, 105739237
osmo1myued0sgheqtvd745hkaympfk9d5mm2znr0zz5, 1293754
osmo1mzk5077xzm36cw4wjzqesw0nf9udl52c3dn6pa, 12302299
osmo1n0rmnlk40yes6d7syr4alzah0hw46aptnhpukg, 19681713
osmo1n0yex58ac5nnnawx5cjzs0k6rtyutx8flw2s3q, 12761893
osmo1n3mhyp9fvcmuu8l0q8qvjy07x0rql8q4hx70uh, 3622567471
osmo1n3xvxa5edy9upgar5yksnx7crnmk33dxjf7wa0, 48777303563
osmo1n4a7szqm4gu0xegntwy245fjq8tlfh4vaxkzye, 9111596
osmo1n4ldju4nd65uac55mtyqhppk9zxmxj4q2h9zad, 47872161
osmo1n4rw4wnrxel26qs3t23xjq0fpne47gz9e0xc35, 408331
osmo1n5lkxn6v9dar46gt5dva8lwel4zjwqr3tp5rej, 302297464
osmo1n5qc5ls7ppjteu9wg6h6hyw2ppv5tqqakcdv3f, 28092920
osmo1n6en8hcmakr0gh97lqc8scmpfkzg3kpzhl6lnj, 84182
osmo1n6uyhxfuzr8tax5hwaqlc0gyuuvgx9gjh7qlv0, 97513191
osmo1n847arrmk4hp3weaxwczmelxlajjvj2srzx0jm, 61367331
osmo1n888kwezl5nu6s8zkva89sfftng04dedv9up7w, 7426441
osmo1n90kdjauzpq6nchlklpq445dednjsq6avmtdxa, 8108077
osmo1n96felcezw69kzzjvl98knxgejx65a4r7cfh8f, 443580
osmo1na45quuuzuv5xtzl5qqp9zep9rkluqykszgrul, 461157495
osmo1naj43r06saf289d5e0lj0p267zahuraherlenw, 95740686
osmo1nawnt9amck3cllmwyqhkp93qfvjr2qzu7xkj3q, 43193527
osmo1ncg4h3vhcdl5cx8xugee5x508glugww3cf259q, 1896710
osmo1ncu32g0lzhk0epzdar7smd3qv9da2n8wx0ghlp, 9488160
osmo1nd0kzuaxycx9wuunmp4ph96607st9m79wjzvry, 1159444341
osmo1ne82x68h2pvze3tftmyzz7dpx4wknr0guxpjc4, 54632420
osmo1neaxf5fcn8cm0xarayfh7lak832hng39y6qat8, 4044396
osmo1ngqzez7sexvxugw647nqyxmsyc9a8ve4p8hzcd, 4324835
osmo1nhfpuvxupt544sjxrzwmjdk0un9p8385tch7uj, 248627652
osmo1nj4adtasteu0qwmr3r54vt3lav5z8s6nj3jfdl, 10756818
osmo1njjlfh5q9j7vla8l76frr7zed22w8zfjpupapu, 50702128
osmo1nk4524nlhl5ztaawk8q7680fv945qwds0metjf, 2140133
osmo1nl5aq5ymr5403hkx0u2t6vaxhkmqgt3rylkrs4, 53939599
osmo1nlcs5fj58eg4xhz6d3j8aj2wlflt0hv3pakz2l, 14934466
osmo1nldqrt3w8d7p7d5a7lkcgdzsraauekjers5zxt, 3630412950
osmo1nmk026s0n8mpty8ahghhxqt596hvf8kaskr7em, 2194143
osmo1nn2vd75r752x9vwm38ldy0uxyj6rqvlanysc0e, 6988857
osmo1nnzrx2agam306cm5tjjsc2hth2wy3gnr3mharn, 24563557
osmo1nq4lxjwxc360ucmak4vd40fw600n4aa53r8mzz, 2500784
osmo1nq5z540epwch96apzzfl3s27rx2y79hdcuralw, 7442
osmo1nq6kwvunawy7cd4q4993qgj49excfs4trva5k3, 13823777
osmo1nsacdaz0trv6g43eqqkjwqns49mxt7my8c50rx, 162566018
osmo1nt30rgjsx7kd8gfye9030ulu805heup6t4zzfj, 13700554
osmo1nuq0ldcrqj5k7kjjlspekzld8gaeek0fhawwrj, 162355
osmo1nutlzta39x0e2z6vmz7jtf6zylrtm92z34562r, 168921
osmo1nvpgw27cn6xpj90xqmwgpdpluj0hyy9xaw8aam, 1191860
osmo1nvr4q6tjz983hmy8ax3hcsplkehjww3dggpuaj, 70246164
osmo1nvwt0jcghgp3zgh8lm8f0sherz9ke2xrlm23zm, 100372537
osmo1nw2um0sgpfdvnsdyrmclzf98w08rc2af7ygc93, 2929047
osmo1nyyyc6th58shll5qyt9x6zuntvptqdg9kq2zgd, 12405993
osmo1nzd8jnu69w8eux3dcg4axxyarm7age86gcp47m, 1223966565
osmo1nzg3xkmpv7s7ea3uq6ueegg0zzncz9rxt8uwyl, 9243973
osmo1nzn5exnnwm2qxvvev2a4mtqvphy9g2kkku6gdh, 5297986
osmo1p2lzez8xgur2c64hrh80et32jv26fa2lspgtvp, 7337495
osmo1p34qc635jdtfyl49smxslu304xv8kdavqk7ddl, 172290614
osmo1p3ng7hmzgq5hjyvgxu7mane94ymemdvv8h4s7n, 14247070
osmo1p3vqkhvpac2g6sntr4s3xgr48e368g3m84zdex, 98426878
osmo1p4e6fdztuwz8ukctfg7hxth0x5rump93zzrcka, 28977374
osmo1p4jetfh5kg03z40f030t7kh5ywk38pdmy2lxxr, 547966502
osmo1p4tmpaltclnd7uatd7che26k6vcc9y5qvnyfqn, 669098141
osmo1p7gjw5l80mvv2h867vj7ugpawx7p8y34msyn8p, 616378698
osmo1p8ag0scpglkeq27673ljrah3nd6lelft30qky0, 295489
osmo1p8zm80ccfxgcwf3262uqw3ka39x6kxta3es6lj, 3001640
osmo1p9kqejdvjpql8spman55emr7e4f5srkxc4d8qs, 22618068
osmo1p9nssk0uk34u5q0jxw8ewwtayn2ukkl5g0he87, 34411293
osmo1pd5v3d5mx52634y5vu3fxy8k5380fenf48j43x, 6950721
osmo1pelvdpve7u40egzek0t5nylz6whh7d5rdmkdeu, 23817382
osmo1peq96jqmp9anxft7plu9qp4cpz4yr2k22rehqy, 10028729
osmo1pfsmlav60zxplnn4wm5ujxh26yuwd55q9n8utq, 116483
osmo1pg4qlcjrfrj5wg52hgrc9jwlu662dpwjwv5ld4, 859157
osmo1pgau0y96k6y2j2493rmq0f290vwj8ekxydnwvj, 103362275
osmo1pgl9g5yqzzf9r26elw2jfa78lt48u8dsrp9khz, 3383681
osmo1ph7gwddzsmcvlv5nn6fn9qpg3q7vewldtxz6jr, 8734970
osmo1phamwj2vttv7sz5xafk435a8c5gsa62vjkdpdy, 325389
osmo1phllnfhsya5vd2najn0nqy9nycqdl3hpw7k2a3, 6044307
osmo1phrw03kmjl34pjkvv5zl5lrskhdp6374pcec3j, 62141927
osmo1pj9e89gc8dkvv72wh5qdsxwrnwzev8tv0vkk83, 79866149
osmo1pjw44hj9473lu06c85uvmzed93n88naz6ywkmj, 17651877
osmo1pkdwl6nhzju4xg2ca5l7yavj5z9yp9k7zvs9ag, 297705
osmo1pl0slvr8xg82l6ltd3jjnf6m38teqzah57wh8l, 6737300
osmo1plt0hqnjktrc0c3yn5ru262ysrj7ulr7cavg65, 48717542
osmo1pm5ydckat3hl6vnra576dj0cdsck90hfnryqze, 8271320
osmo1pms9ftyy8uh47qj2s8evwqnfg7sfqz9vcs78mj, 1823323
osmo1pne2ccrqeh36ap3yfv4j38pk760xxpvzynd7rr, 5778721
osmo1ppcq0zdg0scgh9hwpa0x9p3084klfg5np2g6tk, 27860013
osmo1pq6wqm4kh6j6c3lz8zg0se5zug9fwk9u4827ae, 168048
osmo1pqh9dn3h846l3xm7l9hmte0ja7tk475xe5vm0v, 2924955
osmo1pqvrcfezrjvhgnuya089p9z6xc877y5tg4mya7, 76897
osmo1ptsyy0nev6cd0yjac82rhhn7w782pe74hwzsnc, 1443206
osmo1ptyzewnns2kn37ewtmv6ppsvhdnmeapvxxlq74, 1869261605
osmo1puc2nzm2dnjjdfffcm822eqytvxhljww7y4mn2, 6875610
osmo1puqplfy7kt28nveyrtexetsatwwf9r06wfc9qq, 1080567
osmo1pv03yz7y7atd72xtzzpyfqy8w3eu5rwv5j5kka, 274032
osmo1pvwussxtdv2m2cutv8atgpy40e7g947u8x444x, 1233253245
osmo1pwt5yjn0jc73ssnkvp6v2ctkc376pcp06gxxde, 445121
osmo1pwtcjyhkzl776y06nxcqn329n2qn7dzkv5k8g8, 5180773
osmo1pxf0e27vfamy4petcatnaupndrzurt7zdtrasq, 1389270
osmo1q0ayld7t4vq9rg6mmjx64pr7dc99l677uqqxue, 2894405
osmo1q2ajpdysq8g4lswr9erm68862ynpv7cxlcq0ut, 907598
osmo1q3hzu899dg2azzxnhhpdpmk5v007mk8e7mhc52, 56092152
osmo1q4aw0vtcydtn7lqmkfprm4ncmr4jdj70kpg3p0, 14527164
osmo1q4wh6n5l8lqne50tqjuessku3aqfa0dyptkc8e, 848329759
osmo1q5fzctu4wvl3jslsg23ssszqgg9whs9cmvnufm, 96341999
osmo1q629ypkut4ydhd0ax39q6vghnla2sga2jr4sx6, 340941
osmo1q6n7txczsguh36sfgpsxyummdlar9fh8fv0tgh, 12074552
osmo1q6y0uzzkm3nue956gwyg4ey73smzp00lh49c2f, 2841317
osmo1q8grt4gyygc43ges0r63vyj0u7lfuhqpndpk2k, 32766017
osmo1q97kch4xqsv28guyu662lnk42zv6pyjpnyktje, 923979
osmo1q9x9twcjnaazv6h9mv4lp9arh496k4exk9p0gh, 5720244
osmo1qd463kzgk73cpk9ywl3jhvn4v4uwlwd3pvtwqw, 30354471
osmo1qesvqsqyz9jtm4dwd9x9jtcp6zx4xedtxq0g90, 5437210
osmo1qg4xepdngw6hg79m7fstyuenv4kfyf8myayaed, 1691134
osmo1qg6fk9s7cq2vp53v75lvnc2ngp8e8nunk6eztd, 5140547
osmo1qggcs5x7cu0xsdry24ms5k5zpka63vtswnhh6s, 1352029990
osmo1qhsp653fupkz0caf0jq9h278630zmc5tn5qdz7, 3123162
osmo1qhyxggekzxq6882q86zgnha2jmr7zhh8dwwy6l, 134837368
osmo1qj7nm3gxxypwqp5lvrjg27jc7tlhlys7v2p95j, 230691710
osmo1qjrzy8grgc044pxxykhfkhvzvhr7c32uxmlp2w, 8991334
osmo1qjszucl3nx7y2nsyjfekpuhw7d90kcht8nlrj2, 18356351
osmo1qjxnwfnfzru3q4d3x7eg7hzg2wex88xk2qafte, 4398821
osmo1qld0xhe0g8dc5xzr0p5lktk98y2086uy36u5j6, 56935900
osmo1qlfgdaf734lmw3lfnkky9pcnj88809kj0yfwwg, 24033408
osmo1qm9su76qg3nck0sfpvvckzwftf9t3l2qd58mv3, 6220338
osmo1qmh6n68tk9k3csvgnxt43wutzkr098gqcxscjq, 369525
osmo1qnsnxhp542yd5z4d43euyedk6dagvh5sunhu4h, 32269327
osmo1qp9vtraygwvyt9y2hvp7z9vfrnj6ltphs52dwz, 42218
osmo1qpg2942rlm5t98d95eeyhlnnezrtcpy6jczx4r, 593228051
osmo1qps3kdxvyt73s08hgq90kqqareuucy9m76s0k7, 196223090
osmo1qr7k6n90smcgunnrp3ynyx7g92z0uzsmgyhwmr, 22260943
osmo1qrwvjwd0tpaxtmqu6zzduwpt9y4tr9pnzsrr3r, 2871906
osmo1qsksnh5tvnd4ujrf8q6huw4uehc3npxmxnnu23, 664968
osmo1qtl3p007vd9zz7ws8xj9vyjt5x7elg7cc4vjzp, 8018780
osmo1qttmfljc3qcerypthjtxw4a8675xcf9hhgegkg, 1803345
osmo1qtuq78h5ufm7d8ryx4d46gyluzfswmkp486p3q, 4190837
osmo1qtxagfqv29pcc4vx4dmnft7xpjlmp9mqn6g377, 4547870
osmo1qtxvrwewz4fxkn829c4lulyzx63jupgp0jw69t, 6745150
osmo1qum22vvk82eldgaxahph2cq5yjvw68fqyvhcjr, 2686769
osmo1qup3mt4rsj3rg5kq8a5jhckd48k8gx0vk2snvr, 3665123
osmo1qv9x5meurqh8yjflcw7zlax5400422zcw833ly, 11861103
osmo1qw2zs6u32ynmk6f57h93rl0rp9guu92peywgxu, 4210076
osmo1qx46s5gen6c88yaauh9jfttmfgdxnxxsckx0ce, 4753921
osmo1qx904rd2dq29us26jv4ykzjtkufmn5ev4ksn69, 54281415
osmo1qxh8dfj72vymqnqamatdn5e8zmun5ggxat7faw, 14704665
osmo1qxk4rjpd65sjg42j73rlf7c2wx4m2rpmak9yjd, 3183159
osmo1qxnkm93q085tjjghgknjmnrv6rpy8985sxtf2v, 13442317
osmo1qy4aw8vtlddzt70d7k0rm3mqlpd3zh948wq9xw, 55358
osmo1qyyqykjmamxdr2m9lvm3r3470s0hcaarl4c77q, 4992520
osmo1qzkdtxwx3qmqyre5mv37zs7lwnh7pzs29f7xjc, 1312672
osmo1qzql820sp8pgw9cpc4jx34awp4wpwx3wdxcpkr, 149149
osmo1qztzc3pze6d3w5cpat4ysqhv46gxqf0hpycqt4, 109544493
osmo1r022wq43gl8pc4ftnzsfvvys6tjfr9ktn6w25q, 10080545
osmo1r08utrq3skg7x20p2kq7ae5gfyltpquqttj4pf, 20425354
osmo1r0a6pwt3gvlzlfjndmrdsxq9qpycj9zz8dyfvh, 89088694
osmo1r2nujddqfxvw3nuvdfgsnskxgrdhpfz7uxqvsk, 13690263
osmo1r2u5q6t6w0wssrk6l66n3t2q3dw2uqny0l6fwk, 10093424405
osmo1r2z8gqjsgaeew6qe7wr6py3dp6yuvv6xdrxtj3, 321214
osmo1r3p7y3xff4rd22ft25jd86jga85e9zgqw5yeg6, 1489211
osmo1r3t9vzluwul5vfwwwkg7k6f2ds8m4x8ydk8d38, 612959561
osmo1r44yvd95k44spdampthwqjcgpt5mwyya9w9lqa, 12957296
osmo1r4tlmxdv2c42r0z73ndga5ay7h8ut4exdsnama, 2725459
osmo1r4yr6hgkv8xcdygvat4vth4mgdzsc9u2z78fr6, 9830312
osmo1r86xrx2xntnkvm7wt905gugq9pkdlafg04cxwd, 60068081
osmo1r8he2t2eurm60d2ad45x5xncfv7tt2rlsd709a, 18676
osmo1r8kyvg4me2upnvlk26n2ay0zd5t4jktnsgsjuq, 458102
osmo1r8pmwwnprvykp78ggd45ulecd3puryw5xq3vnd, 137517296
osmo1rdk8qx34q55pt3r8m9lsx268zufes8ewmlz6sy, 49393610
osmo1reqht5gsdlcn64z0gfgtmsffvpqltdjrp4e2fl, 184607509
osmo1rgdcg53q5cz0tmpfp4q99sdp0fmyr8ac9r94sk, 75786352
osmo1rgxmq24t46lvmuxzxjjajq3en54ls9dlvmnv9k, 10259641
osmo1rh544enxsyp8y366q27a9f7fu3dvwz2wgxxmuc, 141877
osmo1rhd7lywrqh6hg9qgmv3xqz3n6np42mj0l5dw7a, 10380563
osmo1rhkptmwzm277nn9kclx2te7lqtt82xrud59z94, 50493814
osmo1rhmt4tkm5gfsjgwc7wngfrwh8h3gk6shylz7zh, 45270
osmo1rje60n30d0zv4t34kkmauetgff90ly2u8vfn6m, 1168054
osmo1rjw7jtspkeg3efy52cw84d3z6waheh7wdn44l9, 3519968
osmo1rlj87qcqf47qv2nve60a28a2x6ue344srvjukl, 21469741
osmo1rls4t6vsvyfj3tg9fut8vaxrmtaeeza8q92djh, 165455
osmo1rmhtxuqdjydxe8egu88xtgk4u8uvnvuhsf8c2p, 30541081
osmo1rmrzxxpphgnzzfgv36lpwfjw84cupsvxkj7pxy, 51721867
osmo1rn8rf7qnhplcr7nxk0ydg60cmhrc0yme9gegcm, 12062401
osmo1rnj7adztyvaz23y9lsrnyuu2z0a2qf37jup8t6, 3114297
osmo1rnnuk7rmjwj3ep97s5d0w5ek5che53ekg5zp55, 41009356
osmo1rp3cfrq55t9qc2p8p3z5mzuy8khtafrw027lyj, 21067005
osmo1rqj4d2fnna70kvfcn897528alqk0w8ngwa8az4, 168503
osmo1rqqnr9u7fyy8rkks27pezp75x55qampx392fkm, 1000080
osmo1rrn636u3vc3qvuu9lyg8eef7yqemn2t6vs0x8e, 932889304
osmo1rt4l3rc7garxyasvfud8gnhv0jx6l90jkhzuek, 1265133
osmo1rtcsf0v9h8tl597g4c0cnxlrz8jh4320wurgsz, 23840027
osmo1rwy3ksejz79nvsx3ajqft8twxgtwaadrjh98nx, 222859279
osmo1rx89p3sqvdn5vvlydqhar6nnxpmwpjrwq7htr9, 446297241
osmo1rxa2rxw5yfauctf3wtqy6ymqxg5srrfmkdskdy, 18162839
osmo1rxq3ks8l3867056p34rywdn0y5a3pdtnm6rt7f, 20176462
osmo1rymfw64cg4ffkjy8ls8anv3622g4lcgtnmhn4t, 194565058
osmo1ryu2zpqjyf6zd6cxhlcszrg4ykt5lk2agzxmd6, 4978273
osmo1s0d9jvugwshucezw5r7uutw62dvj654ylegmhm, 116115101
osmo1s2kesg2z30v740jhrgk00zmwqd2pnleex0q5g5, 603494
osmo1s3zweq6jhxf072zmnwa536qzcyvlc30rf44tkn, 143420625
osmo1s43l7s99hx627scn2ldd3ey50qpj9frv073xj7, 129978371
osmo1s4ppa79zwt9n95c75eyve5aetfc2qyg5lstuhf, 6067242
osmo1s509h4z7uf9z09ztuz0kezhfry3nt7sq6p3tmm, 20678091
osmo1s6a7hwcvk2ehsn7xgvfdeaawav4jwdxl0az8a9, 6650238
osmo1s70ggmm5pwvdg4nwjr5pvktctjjaeeqywkcrq9, 596885
osmo1s76rkc3m82nj6hhwex3crspnfz6s6elwxjx7th, 5368865
osmo1s7jnk7t6yqzensdgpvkvkag022udk842dz4g3v, 43512750
osmo1s85kaf9ptdlxt92c604ehkkyt2fx0xlwsg24c3, 3198037
osmo1s98qx5v77d3n4zzpzrd4vuk9pw6axzeeq8a7k9, 11604961
osmo1s9emke67f8ttpn8jmhlp7j72pqld6my8zek067, 10275669
osmo1s9swlylkt5p5zd8588whs7vmrywu2mdjs84urf, 9835031
osmo1sa4f902fxxm0zlxmw0nus8h8hkanz8yawwkgdc, 32534843
osmo1scs8c7g2r4zgp8hce3ft6tnnxgw49w837pcweh, 2003943
osmo1sczg2yme0p8fr5d36ms75tgz92sg6vwh268sfu, 421218595
osmo1sd5ussz2curtzslkaxuxq34d973wea3t3g6ln3, 149264
osmo1sd85d6kavp3jcweqmre8ex8axwnnd9d7gspqmz, 2521656
osmo1sdf80g92at333j0r3hfh3ksuqgpg4f07v3ea34, 646996371
osmo1sdh526pwzhm0c5n5r6p8gmpnt7798gfgsk935w, 21513930
osmo1sewyua9gwr72zjghm2nvg2k7jyg20m7wxyz2v8, 302315
osmo1sf5skllpwmcqp4hqe256d5e3esk9gvrxw7n4e8, 6784448
osmo1sfc34ujkys84eeqmegm7lle955y3edytg0dcmj, 19045493
osmo1sfqqq4dcdjw7fvdysstzmnmq4ua3xcfs49x4wn, 24650
osmo1shjnj549dl66a0xfv8kh6me064f0fp0usvyxg2, 17744507
osmo1shwu9cxppulekpw2wmwj820mrqgwys9mgtpdvw, 1138852
osmo1sj8juva0wc44n5f0t0vurzcr5ta9l6f244232g, 30493064
osmo1sjpesepjw97la35yfp8vdp0lrsuq9ktszxm9xy, 1913997
osmo1sjy4pxrg4vu5j2cmfeu7e3txcx9lqgaq5wezgc, 12905885
osmo1skkp2dtcuhlamf7jz6rg94780aq447qzql3dp6, 655136
osmo1sl426kjne2swzhhsw75eq4g0mrary999a3h9wz, 41904867
osmo1sm5m0ejjd6cgl5lwxk6cdp2znhhw35ldenjgz2, 1525040
osmo1smcw3tdqxvl0gc0ga3u5yvpza554ffy690m4zt, 93261110
osmo1smfzt25ax563c0s2wgmcmt3g67d09t4mae9qh5, 83831473
osmo1smqr5tp684g07aekcn0w852wqlme5mn6xnhsvy, 37888936
osmo1snv7zn877y5tsrn5eaj9799fu8pelsl9sddy8u, 173625895
osmo1spq8qzxns9asz64azsu2pt37pv8dqj4r63cxwz, 45961235
osmo1sq2fd5dj4cy93rpcarjupstrfp6k93t4f242tx, 7878317
osmo1sre09mcu6k78zj000q0233d9rvw64qav8jcrrm, 43202178
osmo1ssanfu7czpyw64ypruj6aqmmw666qfkuwkh29f, 32708420
osmo1sst5qml7555klggaykm5edjs96k6ec63yucpgz, 45286714
osmo1st698ekn2wuhxvhpjs4aytqnr7d47wlzhmh9z6, 23318025
osmo1suvlzxf5057p5tlu9636ysy02t6v38e2tt42t0, 73266337
osmo1sv0n5mmzm05gypr4796e4vvewxajkxj0hd5tgw, 24468
osmo1sv94kscrse7dxztfls3l6s2gl8ggafpghexxvv, 1124303
osmo1svfxve6escddnw0xzzf7yrv964hgsjrrf6kqpr, 63644929
osmo1svha6cu4fvez45rp0m2ct3nprtj8dxqn0qhsvh, 8189105
osmo1swes8ptttsgglfx2m9zv6hr3mjltpgrzv7sg2a, 27614726
osmo1swxrvqjycece2zg6475rhaz3k4mr3smfk02twr, 42918979
osmo1sxug4mcc8m9rpx2l3ygy4lpruk2khr5c5wcgv8, 159466566
osmo1sylvau65k7hfsaua4v8ms2dfd6850wnpf4ew5l, 22238399
osmo1synyl86cpvgdulaema06q0fpgyyl6dhfgjvcfk, 5328233203
osmo1sywqmssxxgvw5544effpqw6mn9xzdn3cq2r4xw, 3772243
osmo1syyxsxzdx0z6etflgd2nhvvhzkx7nxypmg5v8j, 169398
osmo1sz7frgu4gx428af2ky3jkhqjn5snf4lw5e3fc3, 72315599
osmo1t0kqkl045fa03vc0zk8awgnt9ynlfpv0lth96x, 4305561
osmo1t0svhcmj98ua84vuctrh28y8uxc0tkcsxkszu5, 12988485
osmo1t26rt7pe6ncygewkpe6arasy2zlqfvkgeg3pgr, 19467570
osmo1t2e08me8mw502cgsxfrgk8hp48saqheaw3g9jq, 78746181
osmo1t3yvpsxwpp4nq2hfry6w5jnfz938t3ve0097s0, 1152591474
osmo1t4sydtmgz4cu370hs0qfk3ednam2r762glss38, 224246
osmo1t5afept677saz8gfmu28esjn3q9fj3qy00afls, 1229459766
osmo1t60ptgcr6gh0ljmdj9lkecx5ace42f4dvtt0j9, 49609085
osmo1t6f9qreul682mg7e8lmpcygts56pjrnafna5ah, 909717
osmo1t6vq6ud5p2me4jtfedv0qgnwepkyghpv98032q, 2811146
osmo1t7vr2a76jcv2vxgd0zj9009dh7vam8eapu7aev, 5695570
osmo1t8cgwzfcfcdlzqnxn4us6dhq90l0traddn2z8c, 287608977
osmo1tam5lpgntn3w7r4hu3ucsx0lg2nguffs5ag7va, 31076017
osmo1tcaw75s8r4ukj0g6qztscqssd5vrpka9kcjyyx, 78447253
osmo1tehvxrtljqal7mf9mt4c86uvunw0gl804yqqfx, 331191
osmo1tew2mp3racvkcye5qj5vyyqf22sgr6zefwcaln, 11818010
osmo1tff5zpw5nnswjstemvr52krcmryvdhc0f94alm, 11066517
osmo1tfscx2784rw75kvcjx5z0tns8gjcjamrs9zq8a, 6281528
osmo1tg95ja5ahtsf6dzpwzahxuj2gkfgllmsna8z2d, 13883989
osmo1th5r9ln0w7mcfcf4dst20qq3spyqqametc0gv5, 26183453
osmo1thfntksw0d35n2tkr0k8v54fr8wxtxwxprglth, 140641468
osmo1thxwe4r4036lezkpuajj9uufvm0f7rja76v5eg, 370372104
osmo1tjxkwc0at9v2n8fm5lmp5mzsr67wtlachywq6e, 893115
osmo1tk5cx5wz0vsrh8gh8g2p7vhar6a4f6707qgtmw, 32077722
osmo1tkdu89ss7nlwqryle3yfq2a046asjlsa225e6a, 24334462
osmo1tnyzm0wjj3rksnez650gzyxjmrvjn682xq2s6y, 455503
osmo1tplyhewhh8qqz7xppthxyzy7q6gue8543usngh, 6160548
osmo1tq2a37sqdr7f894ktfc8r8qfsznwtww75dahhd, 520983
osmo1tqa7kt5vkzg3x5m64ky8x2lrv2uvlqmscuz8re, 238070702
osmo1tqdvlku97p88z5ndf3jz55vnccmzgs8jla375r, 1147766
osmo1tqxgg4l3jz23ktgu3ekcq4dk9qem4eyuw2a5hd, 63093
osmo1trdjj8528dn26aj34k3qf2d86ddcsqhkgvqc52, 529752
osmo1treczrfhsjdvlfvcgldt7d94wj4vhk3r228f2v, 749533575
osmo1tt4c8r49t8unn94ag08dll92rfsmdwlg2v6uw7, 13868744
osmo1tu5zhg6nevua8kultg98t8d52ftwd8zkyw0ee9, 135147941
osmo1tugwaw9t7lghedf0ftuhsdee67yyrx0svs20cn, 765541791
osmo1tuzdqwynm2xtpm2jjpr80cjrf46hcp2nee0qhv, 106802725
osmo1tvcd8welups8wwgj9jxqpt9027eyzatla664k0, 22036995
osmo1twzy9l3zy7rj2xkdc8w30mqwku0hencx70nuxe, 211045938
osmo1txg3rjvhsv2tfymvfec2lgzeajtu76m355dwzc, 3033308
osmo1tzu9kq8qhmmnmwqvuv9ja6fdqafpg0ehrpcuv9, 31121119
osmo1u0xv9nd8s7rfn4565djw9xq6ccjlpw6cskwn9s, 2180483
osmo1u29g8ak4gvvcf2ksk2vxp6j2wf7jgt900qtque, 155716
osmo1u2lv0sp6fdadj7sd7pzxkpeu2a9vx4sh37zw2c, 11644225
osmo1u2v85jkr03s06c25d77wm3evc94fsqn933dwve, 5711882
osmo1u3thxsaujvqfn3nu0e048gvyytsj26v3pugas0, 41052102
osmo1u5usmc7dtt82xqht45mn66eu9mgvrna4vjrs7q, 5820721
osmo1u6v530yt3a089dkmt3zesytpwe2xne9ch2e4wd, 3429682
osmo1u8pad9dtjk5v36sgyj862hehqmfyuukyyer55e, 7117594
osmo1u8xff6p6p4uunrpha6m7fskv6j5z49qhyeulty, 24438605
osmo1u93z584nyvufs647ut6re6dy4z9q3kr9ql50p3, 1125597
osmo1uauslxuc2haaxvjcdtr5klcx05t0dpc9m9dfz0, 33159387
osmo1uc0qv43jtu6sdq67kgjqvwaxhecgsagvj5d43a, 510484317
osmo1uc9h82zjryggp3lpk7lf0jtl3sh733pknhhexd, 2376696
osmo1ucd27qhgn9y2qu2jcngqg27sxrnktaprs50hel, 612946
osmo1uclyzx8r7jrra6x8uq820t0dnzqrg9ae7phg0v, 10475912
osmo1udp73k9qtg4q8qwqucgperdzw4n2kt4cxvgvla, 6423169
osmo1udukg2mkycxnejxkv2974c0vrn8s6h9sre6pf5, 5524794
osmo1ugde2zyg7eusa8xzz94l43r8afhykhlzm4f4p4, 9090093
osmo1ugs6t3rsj9rq6c7clqwraunrur7nvqn3f5znpq, 51111977
osmo1uh2adugxhwqra7h936370sknl6t2cgpmsdxhy5, 45374
osmo1uh32vclrctzwdcp9wnnwg6ngmcgpxkzln9nrp3, 118817
osmo1um0j8mskacs58whj3zd3fx6nrytsw8w253rxjr, 65025223
osmo1umls7v903agkj3e9tum93llecfqj9rz00c7h93, 35946636
osmo1upe06zml286pga72n4tmreegtxfqpva33xp4lm, 12648671
osmo1uqut2gvljc9uh2lsn0fgd4zxm8dme4z8ahe38m, 3545099
osmo1ur3nlec4l0a8rs32vmzpgd0yumk7wgtc5y4n4n, 38056845
osmo1urcmv4ge6n64f9xydw2crjjyml8ezzu693vhcg, 85642937
osmo1usme6asdhk6tn58a68w4zxudnl22ywa2ckzajv, 179024989
osmo1usrqqtsu75j8d5gf932gc8vuh7yly62nq09y4z, 272360417
osmo1utj9vnja2nma8mkgjmtwee0vgm6g9ejexeqk43, 998392
osmo1utsp56kls0n0f3hl99ed3dhpdmxxs65xqm4dgr, 28598935
osmo1uunpjasy0es2ywe987qwmyscajtnj77vs89daf, 902895073
osmo1uvqppfc9vpncscayhr5hd4nxs8w2fjl6l6jwzu, 7787028
osmo1uvyv65xwns2t43n623xlz0nqaswmrft8kylfx8, 744262
osmo1uwd2t9uz3zxekk52m57gml4mt2dj5gkxh40ykf, 4093215196
osmo1uwhx62gfhwjcxfpyvg83m680e8lq82etlkwxgq, 17034923
osmo1uwnle0mx99re38d2xpgu2ds38ey8dzrry5hmay, 16977807
osmo1uwu97fck9sajv3wlnu5ae9qw6ppland0lkfnda, 6430963
osmo1uyeyzsjcwtdnph23zkwm4x0788akpqnah9q2jq, 14951828
osmo1uyza5f6l78w2uy68qs25nn9mgyc4zm3a3e5esa, 8014774
osmo1uz8fkg3kdw8792j4p2zvksplurmneu8fnxl78k, 4906997
osmo1uzxhqzstjx8299ay0qjk6v8q4tcjnelcdfp5dk, 161588
osmo1uzzq70mql64xrgxlxzszdz999j0t2ahnk5q9xk, 9292956
osmo1v0vw5hzhxl6xn0dddzwhefhu2t88zgkac6a80w, 780457261
osmo1v2ht78dcyakze74ysfsnkk3afsx0ysu9r4wx2u, 140327
osmo1v2w2suz3c6drek73lwf2nlwax632ltegkauql4, 116754988
osmo1v5yykny2ysl8vjt9hg93hds7zx2d8r9g400zy6, 28485753
osmo1v6ymt347732d3hmyaykdpeq8e9srhg73hp5u9y, 5100959
osmo1v97agk4gkyytpphhymqxhh3aqvvra3vv9k0wp9, 29882668
osmo1v9pt2af4qxzrxrfj24p9lumjrnhnr3dllvhyvp, 37399790
osmo1v9r3azuweqcn3hppwaer0440uts6hpxdph2l46, 2348600
osmo1vap2yxscr9hne75dp4lhjmghsp39cscwqcg69d, 1488525
osmo1vch8jftup44u9x2wwfjxkcfpjl904krax7cyat, 5703507
osmo1vcs68xf2tnqes5tg0khr0vyevm40ff6zn0dqs6, 135494206
osmo1vdf2ttwry06w7zwjjjkv38k5cy4vzd3ynf3ml5, 37213
osmo1vdpwkaqkcucl2uumqz3s4fjj0h502gn82e4ygz, 5230892
osmo1vdqlc2xqd87vg4l7jq4ca9vwe4890slqnl4xyp, 5210047
osmo1vf342fqr0fhf3mkz9qwutp7y8tnaqah6vnqk85, 71488
osmo1vf5g8s7qctpaj8gkvtmu9t8qr8hc5nx2ad89sy, 4933086
osmo1vg7a7f9mg6f7wglakkf32kkfvqzamh2wmsx7sz, 585132
osmo1vgfpvxyzm0q05xj2e2z9zt3dlqpvc0m0tg20wt, 10101465
osmo1vgh5wfn9wruzcc5memd323uw3u2hanlu9qag5q, 9272831
osmo1vh3euf7vgepxytzzftj2vjzrj8eeyeukdmdg4d, 104274267
osmo1vhpq0uyu2fner7z63xf65znkyh8uv72pe9dvkn, 2604919
osmo1vhpse9y73ed670vpvglz5xz3crrhgw7wg6wgay, 522854
osmo1vjqrylz87k8496r60h0a07j0wkacj4ay4vxulg, 4819868
osmo1vkjj45ljj798gx4f4889fhhffwdcr4rzqwrvax, 647324
osmo1vknkhm88u4dl0r7jy83d672dej2a72gust23ez, 4465
osmo1vlecfmqj7vv9j97464zjv7uvfqr5l2rp6kg0pm, 17793904
osmo1vlpf5q9wl0d8pkt00z4emuh6g2uxarvadqemmf, 6189782
osmo1vmgu6vk9uyq0cwzw7xrcn88g0s9yl3zx626jac, 5526702
osmo1vmx85r4h6s6x33wa53kyusracrq6r3nuaezamp, 644496
osmo1vnw52petmpx2jfrzauhkezhtvv78mh4sym2n28, 244775049
osmo1vnyc6q49sr0hs9ddjepcmtlaq3l6wwj0rrw6hd, 43895570
osmo1vpwnq5sfxwgl94tmxvshjvwmgcnl3ykuaux3sf, 73583288
osmo1vr3p4yyk0vkjekrvhmjvnj4g5ypl8exaqjc8vm, 306759144
osmo1vr44nucas86lv6rr8xw86cdet5jtfwljjs09lt, 20890503
osmo1vrjl8pvxajmc5efa464g64xkgmwzfaztesahx4, 100053909
osmo1vsef5rvjka7anc4pxwyauk29kkcjarnyrpuulq, 138978294
osmo1vsjx50urerdrlma3vp7zje49r0gpknf7fj5wnm, 35412200
osmo1vt05zxlk34zsvpntqxd2sz7acwzp7sw8v90rzz, 83350
osmo1vt23kgs5x663qa5hpxdn8atqemsg2cawfqp0mu, 12283314
osmo1vudtpjyplxrau4822u4uu9kfkavdfxg4qegqg0, 1270550353
osmo1vv4ve3lxpky7d6lt6mz0lrat69hen4rgfesam7, 470548532
osmo1vv6hruquzpty4xpks9znkw8gys5x4nsng4kery, 21505493
osmo1vwrruj48vk8q49a7g8z08284wlvm9s6el6c7ej, 4053007
osmo1vym5524ekqgzy7dcqhcksyl4v8hsul0c0728t0, 6281936
osmo1vz73yxk594xlxeveu7muafzkynejjcgr3nmz69, 2032294036
osmo1vz9a08qrg4lrdjtflf2r74575x4prtyzklzw6r, 222424055
osmo1vzj2ke64ms039rgtmq5alz6v4vpqjjy8c84yzp, 92985230
osmo1w0k0202et5cdvgr2pzf73pjrknn4wpld37fye2, 1273311
osmo1w0r55f6wy978n57hf48qzte2s4srr4x57uljnl, 16272038
osmo1w27q3jmv3lyx6t2ttedxdcfmxuk9ve4gtmyplf, 9325902856
osmo1w2c6pjwkyymnecuqwkr3yz9cu7lcgs5ec9cxcz, 4068722
osmo1w3m47vguq5jmhrga6zmsfsta59zdfez8pdpjhd, 69837614
osmo1w46h900497r9xveluekumjzesu7r9lzqvyvvhq, 6115999
osmo1w4nls4stavp4eysp3d755d3y3qe0p4msqncy5e, 3828978
osmo1w4pehxzc4h82sqpktm2efx83332x3pxz05pe4m, 32471
osmo1w5h4fh48p3x8tkaqt0vdt49vnk082s9v3hnhjm, 6475479
osmo1w6769p4tskuw0hw906lwwvtvwnujd2v6jp7clx, 2680935
osmo1w73tkehzfzqelzrmevhe9702gtk4y2k5tq2kml, 360638
osmo1w84t5g9wwhk00c7ut74tl9adzztqw64mrkguvw, 18481837
osmo1w8nv8dfp67gsd443sxtsvjuh2lv2vwpsvs3zvr, 1952091
osmo1w8xygtjcn24l50a9l4t3j67ne3urcfawq87s5x, 41477421
osmo1watuvskqglh854hvp8wcj8hmp6pn937mdp39lw, 8147178
osmo1wawrqj7yzwazy88nffm3fgnwjg5ea6d9v72fh2, 3660807
osmo1wc3derq8h3mysx0cs5p6g9u9smrsdppdcdnexg, 2139571
osmo1wcdzpgasy0pfwu3kxrwp8wlxcpckdd99v85wgf, 10705303
osmo1wcjxysekhzs9j9adpvn22lqep44s8fyplx573m, 4159709
osmo1wdaf39lkprxz382hwpzhutddjtrjh6l82yjadj, 19682395
osmo1wdcjfghyp25g8k6u8ur4vx9sv6akgms36lf3ef, 109109218
osmo1wev8ptzj27aueu04wgvvl4gvurax6rj5p5lw4u, 10895820
osmo1wh3nwe6gcgf3vld5vlfthjqk40wxkh00pvttck, 34766258
osmo1wh44dywkzrmdxysxs83l4lzagd2rq9w69082qy, 13444218
osmo1wht8gr6j6j0d7q3ue4pm5ys86h02ldrykzkj9h, 1685423
osmo1wj204t7hz2anaffvnwvkvuyexclcejdepsj8e8, 6394180
osmo1wjgzwwrdelmz6t6dglhx84e96vkwptt2v8ekxt, 908967406
osmo1wjjg0mvsfgnskjj7qq28uaxqwq5h38q68enshj, 10683243194
osmo1wkmxp07jx8utjegr5l28kwxnfzjdrym2fjc9yt, 55287645
osmo1wlvfa8mr62gnpekweghw6f4rae80xnmdzcjaqg, 12098688
osmo1wlycvce47qsnu6d8pp2stz6332u7292xsm2ln7, 931127434
osmo1wmym6n6xtz3tjqgjd2qcssggrs33tesr6ceq5s, 336607661
osmo1wn9pu4urgt0ccm5ltqjllqe4cvud54xygpjj60, 26523484
osmo1wruge4fwy4z8xfksxc6dkl0rclq9fcrwc4e0td, 329482
osmo1wvs29nfnrjrscmvmuxag532ap8t6rw428vlgjp, 460963
osmo1ww5ah760jgrk2guswq34zc7mmhv4cqfygt7wp2, 141555205
osmo1ww7nd25eu7k2t8k8f0cckvtdspcvjxe7har3y5, 259856
osmo1wwsdnz3efjej4u509ncw9ckaa3mx3069ask746, 9170929
osmo1wx0mksgjpthufn4twu5534xmesf7vtdf4mjq86, 10724213
osmo1wy2xcxgct5j940xqmlh9vrxzgk6w24rndtjp3k, 5866896
osmo1wz69rcq9qdnksdryma0caxsktt272hlggrvf93, 19516429
osmo1x2fwcw274ugr5lcnyf4a3ayza7m3vc3cm6v0q0, 10638584
osmo1x2vqk77zv25zlhdvwflu4tq3836hhk3m6ynxga, 32370239
osmo1x4uprxwx85vs8aw722l3t05dcpw74jy5vzjww9, 145963
osmo1x6l7dhnud9zlc0w6htn7552l6zu8plsc9hs3hu, 9774690
osmo1x7744zhq30ar4gsttje932g57mzvmuu4g4fa5g, 14571816
osmo1x79zsqpfp8p9pxj87zydaep36xa8wpfsnwnqj9, 118678488
osmo1x8gfl9vreyxp5wyt0mhz97xzp8k0p5lrp4vjpp, 942499
osmo1x9au3m6xwp6u3wrvl64jrxd9tdq5mwk8jjuulr, 3959691545
osmo1xa0m3zzvtvfjyc2we8q2fjyl4rmssc44f6jufk, 1287712
osmo1xa9rveg820e8vtp490z8vyr2r5d2kcsgx5mn48, 12323132
osmo1xak52rydav4k8ajtahllvn0qvg5l5u9xvu3xsn, 1873101
osmo1xam6uc0z9n0w2w0wnwkss6s7s39nzx84jpqlse, 1704479
osmo1xcymgnpuvgm7tp92qggcju50yj39rmn9rlv7wn, 19864156
osmo1xedphzwyty7rd4d2sx0kgzza9098zjjmdvhg52, 10909067
osmo1xekdaycf5zhfhxefpxkfkwptcz0jyxhuhke8mm, 827183166
osmo1xfvfjjur73zzw56ry94f763z68ufwtqj5xz67q, 668336
osmo1xg08ellysp6qaqqdq2m9v64zudfcpnx3fmg05z, 8811492
osmo1xg7f2pjcyu8sfuup05xlu7gn0xfwyww0qwqwqj, 463726
osmo1xgh5wn59jm7kumcelvwc9tf6z2dwu2mag6k2kn, 26674317
osmo1xh7478l056aefvs8n75xxc4dm6axw73u0lx0xp, 794380632
osmo1xhttwcewy0fdefgykd3hv49xjyllwu0v3u8rvl, 65990608
osmo1xk5frhw0zn35h7t265zmj6tpzmr9hehhvr6vdy, 89584
osmo1xlww9dmrj0t57d7x3y22ep5v85ykp5z59efpej, 2656649
osmo1xn3askfax3juwyc77tctl2tv44eje3z06qmg55, 1177503
osmo1xnpytds00wsyy863lxtxfcsaet2jkzvstt4hc9, 87990852
osmo1xpjg827ngjzcncygel8y553f6f5mln489pjr6a, 12862322
osmo1xqa3quymmjrke94s9uyjxpylqjjyuucurtympw, 9977058
osmo1xtf5dvpwaaruugv57vajwchc7q25ptrhqgrn2s, 25615067
osmo1xuajvnt0r0p82zcvsec8c49yumyhcv32r9fw9p, 191918
osmo1xuwl7x8htyl26t7pe3l0x6auj3j9jwd22d7dmh, 27686613
osmo1xvssufw8ke03halg8wgu8m994ktxz0y98naggx, 273281813
osmo1xwazl8ftks4gn00y5x3c47auquc62ssuds42sz, 287113080
osmo1xwc55t554wjg550cft76wnpmepsp062cq9exrh, 432003
osmo1xxntzlrgekrk7nt9xdh5fk52c2kds2r0f3njm4, 21686873
osmo1xxrmte3afpp8xsrmeer8qd39rr28uafkz5tvvz, 1031956
osmo1xyfkcatfwwggy6dvqlewtusfmzzfrgerpc2p2z, 5875951
osmo1xyn76chhccrnay48xm79me99qse7zv20ntjaru, 66568918
osmo1xzha9hhjfwgmhmqqa8thu7c3v2dueyz6dzukm0, 57322
osmo1xzp6uh4f8kyuxq703fmnzkacnkmkq4cw53qnwr, 39771595
osmo1y03trwazguex20fw3ckxg0jd8gmpjh3x64ecyw, 1429103
osmo1y0pn7wmp27apnmcgkfh2mde50alh6pc9c3zqdf, 64481
osmo1y0xw2wh78syt7rzr9lfx2dnnd5ya79tty3m5wg, 5986280
osmo1y2ptynyf78vjl7agjj7e7x9t2k3gwgv5mm34s8, 167147149
osmo1y407ldnzdp9t6slfww4zmqrkftzmnse6xepm6s, 811712
osmo1y49dps2vd6hxu0rypfjf3ckquszd773gr0xt5z, 770249
osmo1y4psr78r93s3x3hsv8f909xz74l9qae4vncsfj, 23174914
osmo1y55t9428k08f39qkek0yhe0w4udxtuegj703ds, 16290744
osmo1y5svvk5x8efjgh26cns6u56r7wgfukmryjrej4, 41274436
osmo1y76k2egpryndqm8vrstmfjlx0ue3hc00e082td, 434326246
osmo1y83nga220nfjt9zz0mmqc90cd705az95cul2x8, 66954311
osmo1y8nyfvmqh50p6ldpzljk3yrglppdv3t8l7zh0s, 1380714
osmo1y8xjz4wmnyj4hjn396x64jma2fr36829chlenk, 597851
osmo1y946vr3nxmxp4ueuunt4hazmvf5srdk9j9duhf, 50139504
osmo1y9da46mj76n0ly4hvtglfnfwuezspksya3j8as, 17611780
osmo1y9ls725ta2pzqzdp35n6uf29kxwn65nk8nd522, 55733563
osmo1y9s4e9g5slwv5k9f8guk5nntu2m8lnlslmt90h, 1132271
osmo1yakyz5rckhg2j3s99erxzfnhhqv6zx4wdydtg4, 70003516
osmo1yawvqwytpkmn0f7527mrq7v7m7276vzd2zjgms, 105205427
osmo1yc0p4qlj0vaf7h40d499psu53qdv9uhatuywhh, 124520
osmo1ycdgyfwwdgn3zneheeaqsrz89z53nf0rupccw2, 1321146
osmo1yclh0f9xvw29vwxs6eeehfgxxf5t097hj8qajy, 3070061
osmo1ycxml88pxkd9yuyycgzeq53t20xtxh70g40qk7, 331617
osmo1ye6edwpvaulwmrjaq4fezk6e5hdfs8p7wdz2uj, 94122254
osmo1yen5f0ej9njg0d9pa8nn2hwjpqqm36zj0wmvtp, 65609
osmo1yg0altfshdq75numanwh4qretcy6fku7mzq3zy, 7974942
osmo1yherj5h2qzw6lxlj2qvgwz6jcchvxq9qvcpfma, 8773941
osmo1yj7wv7j80dj847s8mtwl3msjtjq0tmh98wwqef, 3366829
osmo1yk3nm9n8kd94rr5rsczuu86nuxp9qt2aj4rc4s, 132886451
osmo1ykqfsmrw0uk4fcnycpp60a0cdg0xlsmc8y2nkg, 1450414
osmo1yl6l479x8sxg4naf0uxlta6tutk3qt7ghxs3dy, 97551993
osmo1ylu78pn0sdd2uq0gvghzr4usr72n8msjr58kvh, 33277239
osmo1ylzm9ejprayxmy0ddacdp4f6cyktnjfy0gwymk, 7222119
osmo1ymeuf4ra7fx85t272e0jt9zn034vtfqtq3tgrp, 1020815
osmo1ymnl34l252nk6xtpvwxvam2n7vwu5hmttjzua2, 80833892
osmo1ynd67z6w4tg9duv7hklx26af394pxm0nqakh05, 327681
osmo1ynecpv64gtyc8s2hh2jze09qapgx7es6h0c0cq, 132750
osmo1ynnm7ve6dhrnre5l7kg5mdplm9ctcu8qnzppq4, 10348070
osmo1ynxj35nraq4sxmtgqsdmpgnwq7sgp8vlgcqr4d, 21011759
osmo1ypz3xwmtk2069kh5wjqa3hkf0zmav8kq4h0sh0, 12406730
osmo1yq0ylwwe54hrddq6uerkw9n0cqneyjzv00crxg, 42786312
osmo1yqgr6gcvvs0473kp5jmxk22g7yhmaq0npl0pxa, 1395009
osmo1yqwzp2rd9c66t6qlsnt9hs5khuwvtvtn8f26l3, 1308965999
osmo1ys8d9wllcfwmyp9nnngesky5cfex8jut6ldxjn, 8030582
osmo1ys9jraduk0khp38ne5csp2j5mjaap2mzdrjaeu, 630927
osmo1ysvem8jvy6um4zqhlw3eqs30npz3qft38hgj8x, 72399033
osmo1ysxxxwee4g8lahfla6ngn4amc9yqffpswkq0pu, 38287481
osmo1yt9dys5zajuh3p9986y7gy3vdkwpxrlh6fhhga, 4032746
osmo1ytaj26vnnv309gcl5kh9qr2klr49lkmpct9qaf, 14204038
osmo1ytw3dt9xj7tmsl8djgj78nexsmyd5afxlswqt5, 4039520
osmo1yu3u7xguyn79xp4h08wc9za6k5zes3dzsmle67, 8871342
osmo1yuz4fct5cc3td6fp7he055mut0d4ukcsvlgpkg, 2823525667
osmo1yvwjyl887wu9k34ggk6tjmw7sv42sx2zj7lh9w, 14490881
osmo1yvzwxtk970glhaxlk23cszj3n7gup44x9vuwwq, 28569915
osmo1ywkgk4txq9selrldfljdwkjkgrl5l3epsnpcds, 143518179
osmo1yxjtqpc6ejemrueuxu8f8dsufyx2kfx02w58gw, 6000825
osmo1z0av7m0mfzajazxrzv92qyfk90v9q38tj8z0rw, 72068130
osmo1z0fez8jrgcgmf052mxehzl8mar5lgxgl2qs62v, 1802426
osmo1z0xm3cvz5p29kn25jtkw232g788flzsl395hlv, 15961441
osmo1z20eln3kr5pz6hafgf7k5va5sm3zzjcvwjjp2y, 1405026
osmo1z2p8yxg9282pvyehht725l48w8qkpc8uafu6c4, 5843842
osmo1z379gcx3x6xthe5sey6t0lktvp800pnlmdftjk, 3133179
osmo1z3qc9ngqrkuv4z5mda68nlzn5c4udrn3kskhyy, 619843
osmo1z3v8c5c6wet00jesrwvpud9l7c8rn6d3dzatvp, 71974926
osmo1z6fm587t0mt2whr7x6g3d40ehg52vyydr4n0w5, 98019220
osmo1z8227l5lxe70dvtpeesq6rt0c7znnuehw2pyd8, 53307791
osmo1z84shuuq0pu3lx8qsqxee53vthhr7fczwtdkn7, 1737141
osmo1z98eg2ztdp2glyla62629nrlvczg8s7f8sgpm5, 11501164
osmo1z9w2st4ngj7py7pyz8y8c5lpuntgvl7605y5h3, 5657360
osmo1zcugk63afvt54js8gfx0e9ysxyfmnalmlfgtnh, 41294495
osmo1zdhljfgfcc4w60uy27drft7qquekjt5x4j832w, 1321449
osmo1zdx5xzs79tmv6vu2x3684l5q3jym8k670pc5fg, 446596
osmo1zeg9x87hzeymw9hxvw3h9e4792wfzpjmv4qshp, 30431985
osmo1zfkcz69m86047jdhzzs99pawuwrepn48vuu2ze, 399663
osmo1zfqz77fxcctd7z8fa8qjqgn9ckh9tss5ftmqhr, 2084588
osmo1zftx433eukvadvz3rucrtaskztj077rkgm9ld9, 45069547
osmo1zgww0aegvxvku7vnnfexajxwctzt7sz8mh96rs, 157370
osmo1zk8peh49cylev0r6x3xn5wlhavyhhd9h4f3l4e, 70142394
osmo1zkawy8pqg48zstrtkmg893yj3rtgc52uvjh52z, 3406780
osmo1zlk34saru8w6w667r7u0nvtkfkr2g4rwq2s342, 180224015
osmo1zlly4fmwfdznlhuw5swqdk32ujt8c6cwmxmvlu, 51925350
osmo1zlpegyjjudzpe7gwl5vjpmenea58ap4v37aw23, 6610569
osmo1zlr3fpzk3pgkgmtnkj9zd0w0jqx47apkpk3fqh, 82491049
osmo1zmcghpyk3p3cm34w9l6deja4a7x6eyem03kyp2, 14460088
osmo1zmpqks3xrk6tgmwd4rt76636026tkl902vwcqe, 20105952
osmo1zr76txfh4ey7c7ul9chl0zqln4fmx0pd9a3wrz, 402949
osmo1zrfjkxfvf7v7dk4fl09hzztl8mdp6r9vmgm0pe, 10642416
osmo1zsnec80n690dz8qt30rseacd5p43du5j63vz7r, 169424349
osmo1zu63qhtd0fj9q7msad78dvfczksz38200aheaa, 37213135
osmo1zu9acv9yjl89ugzuqu9459fm9zth8v8fzezgef, 26718242
osmo1zv35taypuhgeqxmv38hucfcshf8uyfwcy4vhgm, 26583626
osmo1zve02feteu5kp8dcrxq3duhzs0vtt788c087xu, 7395499
osmo1zwc7t4460gen622nkyfwrpd40cxz0wsnc48dv9, 156755295
osmo1zwwa6dmvxzgnyscdrlvu9vptdyxhge4a5w7esc, 22327
osmo1zxscg98uapdsh5hmc5386vrh483m5nmn2uw682, 8298414
osmo1zxx8j75ngm8m38v9l5wreaavwnsuun7ge5juks, 10673498
osmo1zyaz2x40l7txectf5ehd2pc7wcu6wn8dgdkyvg, 78601389
osmo1zyfhfmj9scarwcvnuw7sndlqmdl0mfelhqnnm4, 6026726
osmo1zylt8ncjs29rkw3p3yz0gvzskpfpuqm56w5p7h, 3587265
osmo1zzd6lqxjdnp4q6nckvnsesk3r96zwvtsufudjj, 9275497
osmo1zzk09qrszn6nx5s6ctnvauva2snnksrel7x4gv, 9334733
osmo1zzu0te4fj3v575teu9zgd5tzf4vy8x96ahdyxh, 7700957